Sr. No.,code,ward,work,Total (in Rs. Lakhs),department,Revenue / capital
1,RE20A302/C2-297,1,स.न. 67 भैरवनगर रोड 15 मधील अंतर्गत गल्या सिमेंट कॉंक्रीट करणे,5,पथ,revenue
2,CE20A1196/C2-127,1,मुंजबा वस्ती येथिल अॅटरिया सोसायटी समोर रस्त्याच्या बाजुस फुटपाथ विकसित करणे,5,पथ,capital
3,CE20A1196/C2-128,1,स.न. 30/7 मुंजबा वस्ती हरेकृष्ण पार्क येथील रस्ता ते खाताडे यांच्या घरापर्यंतचा रस्ता विकसीत करणे,5,पथ,capital
4,CE20A1196/C2-129,1,प्रभाग क्र. 1 स.नं. 29 मुंजाबा वस्ती दाजी निकम ते ठाकुर निवास रस्ता डांबरीकरण करणे,5,पथ,capital
5,CE20A1196/C2-130,1,स. 51 भैरवगन येथे पदपथ करणे,5,पथ,capital
6,CE20A1196/C2-131,1,धानोरी स.नं. 52 गगनगिरी कार्यालय शेजारीचा रस्ता करणे,5,पथ,capital
7,CE20A1196/C2-132,1,हिमगिरीशाळे समोरील रस्त्याच्या फुटपाथ विकसित करणे,5,पथ,capital
8,ZE16B130/C7-68,1,स..न. 167 संत नगर लोहगाव र्इ स्ट्रिट शुभम मंगल कार्यालय समोरील रस्त्यांवर ड्रेनेज लार्इन टाकणे व विविध विकास कामे करणे,5,मलनिःसारण,capital
9,CE20C406/C1-118,1,मुंजबा वस्ती धानोरी अॅटरिया सोसा समोर पथदिप बसविणे,2.5,विद्युत,capital
10,CE20C406/C1-119,1,धानोरी स.नं. 25 मध्ये गाल्ली बोला मध्ये विद्युत पोल लावुन प्रकाश व्यवस्था करणे,2.5,विद्युत,capital
11,CE20C406/C1-120,1,स.न. 30/1 मुंजबा वस्ती हरेकृष्ण पार्क धानोरी रस्ते ते खताडे यांचे घरापर्यंत विद्युत पोल लावुन प्रकाश व्यवस्था करणे,2,विद्युत,capital
12,CE20C406/C1-121,1,भारत गॅस गोडावुन भरत टाक्या जवळ विद्युत पोल लावुन प्रकाश व्यवस्था करणे.,2,विद्युत,capital
13,CE20C406/C1-122,1,रिंगवस्ती मेडोज ते ग्लोबल मेडोज पर्यंत विद्युत पोल लावुन प्रकाश व्यवस्था करणे.,2,विद्युत,capital
14,CE20C406/C1-123,1,सिध्दार्थ नगर येथे पथदिप बसविणे स.न. 17 धानोरी,5,विद्युत,capital
15,RE20A302/C2-275,2,प्रभाग क्र.२ मध्ये प्रभाग क्र.२ मध्ये परिसरातील राडारोडा उचलण्याबाबत,5,पथ,revenue
16,RE20A302/C2-276,2,प्रभाग क्र.२ मध्ये थिटेवस्ती पार्क खराडकर पार्क रोडवरील राडारोडा उचलणेबाबत,5,पथ,revenue
17,RE20A302/C2-277,2,प्रभाग क्र.२ मध्ये खराडी-चंदननगर मधील काही ठिकाणी डांबरीकरण करणेबाबत व डागडुजी करणेबाबत,5,पथ,revenue
18,RE22C302/C4-142,2,प्रभाग क्र.२ मध्ये कचरा वर्गीकरण करणेसाठी लहान व मोठ्या बकेट मिळाव्यात,5,भवन,revenue
19,RE22C302/C4-143,2,प्रभाग क्र.२ मध्ये कचरा व्यवस्थापन करण्यासाठी व साफसफाई साठी तरतुद करावी,5,भवन,revenue
20,RE22C302/C4-144,2,प्रभाग क्र.२ मध्ये आपले घर येथे असलेल्या व्यायामशाळेत जिमचे साहित्य उपलब्ध करण्यात यावे,5,भवन,revenue
21,XE23A302/C7-208,2,प्रभाग क्र.२ मध्ये खराडी-चंदननगर मध्ये विविध ठिकाणी असलेली गटारे साफ करून मिळणे,5,मलनिःसारण,revenue
22,XE23A302/C7-209,2,प्रभाग क्र.२ मध्ये खुळेवाडी परीसरात ड्रेनेजची व गटारांची समस्या असून सर्व गटारांची साफसफाई करण्यात यावी.,5,मलनिःसारण,revenue
23,XE23A302/C7-210,2,प्रभाग क्र.२ मध्ये खराडी चंदननगर मध्ये ज्या परिसरात ड्रेनेज लाईन व ड्रेनेजचे प्लॅस्टर करणेबाबत,5,मलनिःसारण,revenue
24,RE20C302/C1-179,2,प्रभाग क्र.२ मध्ये प्रभाग क्र.२ मध्ये काही एलईडी दिवे स्ट्रीट लाईट बसविणेबाबत.,5,विद्युत,revenue
25,RE14B302/C5-136,3,प्रभाग क्र.३ अ वैकफिल्ड झोपडपटटी मध्ये विविध गल्लीबोळ ट्रीमिक्स करणे,5,गवनि,revenue
26,RE20A302/C2-278,3,प्रभाग क्र.३ अ विविध ठिकाणी फुटपाथ तयार करणे,5,पथ,revenue
27,RE20A302/C2-279,3,प्रभाग क्र.३ अ बजाज फिनसर्व्हे ते नेक्सा शौरूम पर्यत फुटपाथ दुरूस्त करणे,5,पथ,revenue
28,RE20A302/C2-280,3,प्रभाग क्र.३ अ सोमनाथ नगर येथे स्पीड ब्रेकर बसविणे,5,पथ,revenue
29,XE12B302/C6-57,3,प्रभाग क्र.३ ब साकोरेनगर परिसरामध्ये पाण्याचे लाईन टाकणे,5,पाणीपुरवठा,revenue
30,XE12B302/C6-58,3,प्रभाग क्र.३ ब राजीवनगर नॉर्थ येथे पाणी पुरवठा विषयक कामे करणे,5,पाणीपुरवठा,revenue
31,RE22C302/C4-145,3,प्रभाग क्र. ३ ब गंगा स्पेस येथे डिव्हाडर व झाडे लावणे,5,भवन,revenue
32,RE22C302/C4-146,3,प्रभाग क्र.३ ब झाडण काम करणा-या महिलांना व्हिल बॅरो पुरविणे,5,भवन,revenue
33,XE23A302/C7-211,3,प्रभाग क्र.३ अ बॉम्बे सॅपर्स उानामध्ये शौचालय दुरूस्ती करणे व इतर कामे करणे,5,मलनिःसारण,revenue
34,XE23A302/C7-212,3,प्रभाग क्र.३ ब गणेश नगर परिसरामध्ये डे्रनेज लाईन साफ करणे व चेंबर दुरूस्त करणे,5,मलनिःसारण,revenue
35,RE14B302/C5-137,4,"प्रभाग क्र. ४  पंचशील नगर,श्रमिक वसाहत येथील शौचालय दुरुस्तीबाबत",5,गवनि,revenue
36,RE20A302/C2-281,4,प्रभाग क्र. ४  जाधव नगर/ सैनिकनगर/ प्रतिकनगर/कामगारनगर येथील फूटपाथ दुरुस्ती करणे,5,पथ,revenue
37,RE20A302/C2-282,4,प्र.क्र.४  स्पिड ब्रेकर बसविणे,5,पथ,revenue
38,RE20A302/C2-283,4,प्रभाग क्र ४  धम्म ज्योती संघटना  बुध्द विहाराजवळील गल्ल्या कॉक्रीट करणे,5,पथ,revenue
39,RE22C302/C4-147,4,प्रभाग क्र ४  समाजमंदीराची दुरुस्ती करणे,5,भवन,revenue
40,XE23A302/C7-213,4,"प्रभाग क्र. ४ विविध ठिकाणी ड्रेनेज लाईन साफ करणे.पंचशिलनगर,हिरामण मोझे नगर,कामगार नगर",5,मलनिःसारण,revenue
41,XE23A302/C7-214,4,प्रभाग क्र ४ मस्जिद चेंबर दुरुस्ती करणे व लाईन टाकणे,5,मलनिःसारण,revenue
42,XE23A302/C7-215,4,प्रभाग क्र ४ तक्षशिला बुध्दविहाराजवळील गल्ल्यामध्ये  डे्रनेज लाईन टाकणे.,5,मलनिःसारण,revenue
43,RE20C302/C1-180,4,"प्रभाग क्र. ४   बुध्द विहार दुरुस्ती करणे, पेव्हिंग काम व लाईट काम",5,विद्युत,revenue
44,RE20C302/C1-181,4,प्रभाग क्र ४ लाईट दुरुस्ती करणे,5,विद्युत,revenue
45,RE20A302/C2-298,5,आळंदी रोड वरील साठे बिस्कीट रोड वरील असलेल्या पुलाला दोन्ही बाजुस लोखंडी जाळी बसविणे,5,पथ,revenue
46,RE20A302/C2-299,5,विश्रांतवाडी ते 509 टिंगरे नगर रोडवर असणाऱ्या पुलाला दोन्ही बाजुस लोखंडी जाळी बसविणे,5,पथ,revenue
47,CE20A1196/C2-133,5,विश्रांतवाडी चौक ते शिवाजीराव भोसले बॅंक पर्यंत रस्ते विकसित करणे,5,पथ,capital
48,XE23A302/C7-225,5,कळस माळवाडी येथील पुलावरती दोन्ही बाजुस जाळी बसवणे,5,मलनिःसारण,revenue
49,CE20C406/C1-124,5,भिमनगर मधील भुमिगत केबलचे काम 75% झाले असुन बाकीचे काम पुर्ण करणे,5,विद्युत,capital
50,CE20C406/C1-125,5,एकता नगर झोपडपट्टी पासून ते धानोरी नाल्यापर्यंत असणाऱ्या विद्युत वाहिनी भुमिगत करणे ,5,विद्युत,capital
51,RE14B302/C5-101,6,प्रभाग क्र.६ मधील विविध ठिकाणची सार्वजनिक शौचालय दुरुस्ती करणे.,5,गवनि,revenue
52,RE14B302/C5-102,6,"प्रभाग क्र.६ बोपोडी स.नं.24, 25, 26 मधील सार्वजनिक शौचालय दुरुस्त करणे.",5,गवनि,revenue
53,RE14B302/C5-103,6,प्रभाग क्र.६ बोपोडी विविध ठिकाणी ड्रेनेज लाईन टाकणे व कॉक्रीट करणे.,5,गवनि,revenue
54,RE20A302/C2-201,6,प्रभाग क्र.६ शिवाजी गार्डनजवळ फुटपाथ विकसित करणे.,5,पथ,revenue
55,RE22C302/C4-101,6,प्रभाग क्र.६ बोपोडी महादेव घाट येथील दुरुस्ती व रंगरंगोटी करणे.,4,भवन,revenue
56,XE23A302/C7-151,6,प्रभाग क्र.६ रेल्वे गेट नं.२० बोपोडी येथील ड्रेनेज लाईन साफ करणे व दुरुस्ती करणे.,3,मलनिःसारण,revenue
57,XE23A302/C7-152,6,प्रभाग क्र.६ चिखलवाडी येथील ड्रेनेज लाईन साफ करणे व दुरुस्ती करणे.,5,मलनिःसारण,revenue
58,XE23A302/C7-153,6,प्रभाग क्र.६ स.नं.53/54 व भोईटेवस्ती येथील ड्रेनेज लाईन दुरुस्त करणे.,3,मलनिःसारण,revenue
59,XE23A302/C7-154,6,प्रभाग क्र.६ स.नं.43 गुरवचाळ व आदर्शनगर येथील ड्रेनेज लाईन दुरुस्त करणे.,5,मलनिःसारण,revenue
60,RE20C302/C1-151,6,प्रभाग क्र.६ मुंबई पुणे रोड परिसरात विद्युत विषयक कामे करणे.,5,विद्युत,revenue
61,RE20C302/C1-152,6,प्रभाग क्र.६ चिखलवाडी लगतच्या परिसरात विद्युत विषयक कामे करणे.,5,विद्युत,revenue
62,RE20A302/C2-202,7,प्रभाग क्र.७ मधील पावसाळी लाईन्स व जाळया साफ करणे.,4,पथ,revenue
63,RE20A302/C2-203,7,प्रभाग क्र.७ मध्ये कॉक्रीट करणे.,5,पथ,revenue
64,RE20A302/C2-204,7,प्रभाग क्र.७ मध्ये फुटपाथ दुरुस्ती व इतर तद्नुषंगिक कामे करणे.,3,पथ,revenue
65,XE12B302/C6-51,7,प्रभाग क्र.७ मधील पाण्याच्या खराब झालेल्या लाईन्स बदलणे.,5,पाणीपुरवठा,revenue
66,XE12B302/C6-52,7,प्रभाग क्र.७ मध्ये कस्तुरबा वसाहत मधील पिण्याच्या पाण्याच्या खराब लाईन बदलणे.,3,पाणीपुरवठा,revenue
67,XE12B302/C6-53,7,प्रभाग क्र.७ अ मध्ये इंदिरा वसाहत येथील जुन्या पाण्याच्या लाईन बदलणे.,5,पाणीपुरवठा,revenue
68,XE23A302/C7-155,7,प्रभाग क्र.७ मधील इंदिरा वसाहत येथील ड्रेनेज लाईन दुरुस्ती करणे.,4.5,मलनिःसारण,revenue
69,XE23A302/C7-156,7,प्रभाग क्र.७ मधील कस्तुरबा वसाहत मधील ड्रेनेज लाईन साफ करणे व चेंबर दुरुस्ती करणे.,5,मलनिःसारण,revenue
70,XE23A302/C7-157,7,प्रभाग क्र.७ मध्ये संजयनगर व सिध्दार्थनगर येथील ड्रेनेज लाईन साफ करणे व कॉक्रीट करणे.,3.5,मलनिःसारण,revenue
71,XE23A302/C7-158,7,प्रभाग क्र.७ मधील पाटील पडळ येथील ड्रेनेज लाईन व चेंबर दुरुस्ती करणे.,5,मलनिःसारण,revenue
72,XE23A302/C7-159,7,प्रभाग क्र.७ मध्ये स.नं.39 औंध रोड येथील ड्रेनेज लाईन वर कॉक्रीट करणे.,4,मलनिःसारण,revenue
73,XE23A302/C7-160,7,प्रभाग क्र.७ मध्ये विविध ठिकाणी ड्रेनेज लाईन दुरुस्ती करणे व कॉक्रीट करणे.,3,मलनिःसारण,revenue
74,RE14B302/C5-104,8,प्रभाग क्र.८ संजय गांधी वसाहत पाषाण पुणे 21 या ठिकाणी सार्वजनिक शौचालय दुरुस्ती करणे.,5,गवनि,revenue
75,RE20A302/C2-205,8,प्रभाग क्र.८ इंदिरा गांधी मॉडेल स्कूल मनपा शाळा अप्रोच रस्ता साईड पट्‌टा इंटरलॉकिंग ब्लॉक बसविणे.,5,पथ,revenue
76,RE20A302/C2-206,8,प्रभाग क्र.८ ब मध्ये पथ विषयक कामे करणे.,5,पथ,revenue
77,RE20A302/C2-207,8,प्रभाग क्र.८ औंध कुटी दवाखाना मुख्य गेटसमोर गतिरोधक व्हॅब्रेट पट्‌टे आखणे.,3,पथ,revenue
78,RE20A302/C2-208,8,प्रभाग क्र.८ निम्हण मळा येथे गल्लीबोळ रस्ते दुरुस्त करणे.,5,पथ,revenue
79,RE20A302/C2-209,8,प्रभाग क्र.८ विठ्‌ठल मंदिर ते शितळादेवी मंदिर रस्ता डांबरीकरण करणे.,5,पथ,revenue
80,RE20A302/C2-210,8,"प्रभाग क्र.८ सोमेश्वरवाडी निम्हण मळा, संजय गांधी, लमाणतांडा रस्ते थर्मोप्लास्ट करणे.",3,पथ,revenue
81,RE22C302/C4-102,8,प्रभाग क्र.८ औंध गांव जेष्ठ नागरिक विरंगुळा केंद्र / आरोग्य कोठी रंगकाम करणे.,5,भवन,revenue
82,RE22C302/C4-103,8,प्रभाग क्र.८ औंध मनपा शाळा क्र.५४ लगत क्रिडांगण स्टेडियम मागील भाग फॅब्रिकेशन काम करुन गेट करणे.,5,भवन,revenue
83,RE22C302/C4-104,8,प्रभाग क्र.८ सोमेश्वरवाडी स्मशानभूमी येथे दुरुस्तीची कामे करणे.,2,भवन,revenue
84,RE22C302/C4-105,8,प्रभाग क्र.8 संजय महादेव निम्हण प्रा.विद्यालय व वसंतदादा पाटील प्राथमिक विद्या. याठिकाणी शाळांची रंगरंगोटी करणे,5,भवन,revenue
85,RE20C302/C1-153,8,प्रभाग क्र.८ मध्ये विद्युत विषयक कामे करणे.,2,विद्युत,revenue
86,RE14B302/C5-105,9,प्रभाग क्र.९ हॉटेल सदानंद ते हॉटेल ग्रीनपार्क या रस्त्यावर वर्दळीच्या ठिकाणी सार्वजनिक शौचालयाची उभारणी करणे.,2.5,गवनि,revenue
87,RE14B302/C5-106,9,प्रभाग क्र.९ मेडीपॉईंट हॉस्पिटल ते आंबेडकर पूल या रस्त्यावर  सार्वजनिक शौचालयाची उभारणी करणे.,2.5,गवनि,revenue
88,RE20A302/C2-211,9,प्रभाग क्र.९ बाणेर स.नं.253 स्वामी विवेकानंद सोसायटी रस्ता येथे ब्लॉक बसविणे.,5,पथ,revenue
89,RE20A302/C2-212,9,प्रभाग क्र.९ बाणेर शारदा पार्क येथे ब्लॉक बसविणे.,3,पथ,revenue
90,RE20A302/C2-213,9,प्रभाग क्र.९ बाणेर तेजस्वीनी सोसायटी येथे ब्लॉक बसविणे.,2,पथ,revenue
91,RE20A302/C2-214,9,प्रभाग क्र.९ बाणेर पल्लोड फार्म माऊली गार्डनमागे येथे ब्लॉक बसविणे.,5,पथ,revenue
92,RE20A302/C2-215,9,प्रभाग क्र.९ बाणेर स.नं.260 गणेश बाग येथील रस्ता कॉक्रीट करणे.,5,पथ,revenue
93,RE20A302/C2-216,9,प्रभाग क्र.९ बाणेर बालाजी पार्क येथे कॉक्रीट ब्लॉक बसविणे.,5,पथ,revenue
94,RE22C302/C4-106,9,प्रभाग क्र.९ बाणेर पाषाण लिंक रोड सलीसीला बिल्डिंगसमोर नदीलगत फेन्सिंग करणे.,5,भवन,revenue
95,RE22C302/C4-107,9,प्रभाग क्र.९ बाणेर तुकाई मंदिराकडे जाणा-या पाय-यांच्या बाजूला रेलिंग करणे.,3,भवन,revenue
96,RE22C302/C4-108,9,प्रभाग क्र.९ सोपानाव कटके शाळा बाणेर येथे कायमस्वरुपी स्टेज करणे.,2.5,भवन,revenue
97,RE22C302/C4-109,9,प्रभाग क्र.९ बाबुराव शेठजी बालवडकर शाळा बालेवाडी येथे कायमस्वरुपी स्टेज करणे.,2.5,भवन,revenue
98,RE20C302/C1-154,9,प्रभाग क्र.९ बाणेर दत्तनगर परिसरात प्रकाश व्यवस्था करणे.,5,विद्युत,revenue
99,RE20C302/C1-155,9,प्रभाग क्र.९ बाणेर तुकाई मंदिर परिसरात विद्युत व्यवस्था करणे.,2,विद्युत,revenue
100,RE14B302/C5-107,10,प्रभाग क्र.10 सुतारवाडी येथील सार्वजनिक शौचालय दुरुस्त करणे.,5,गवनि,revenue
101,RE20A302/C2-217,10,प्रभाग क्र.10 सुतारवाडी सुसरोड येथील शिवशक्‍ती चौक येथील फुटपाथ दुरुस्ती करणे.,5,पथ,revenue
102,RE20A302/C2-218,10,प्रभाग क्र.10 सुस रोड येथील साई चौकात वाहतूक सुरळीत करण्यासाठी उपाययोजना करणे.,5,पथ,revenue
103,XE12B302/C6-54,10,"प्रभाग क्र.10 विठ्‌ठलनगर येथे २"" व्यासाची पिण्याची पाण्याची लाईन टाकणे.",5,पाणीपुरवठा,revenue
104,RE22C302/C4-110,10,प्रभाग क्र.10 सुतारवाडी दफनभुमी येथे बेंचेस बसविणे.,5,भवन,revenue
105,RE22C302/C4-111,10,प्रभाग क्र.10 सहदेव कुटी रुग्णालय येथे पॅथॅलॉजिकल लॅब येथे विकासाची व फर्निचरची कामे करणे.,5,भवन,revenue
106,RE22C302/C4-112,10,प्रभाग क्र.10 सुतारवाडी दफनभूमीमध्ये टॉयलेटचे उर्वरित काम व विकास कामे करणे.,5,भवन,revenue
107,RE22C302/C4-113,10,प्रभाग क्र.10 सुतारवाडी वेणूताई चव्हाण शाळेमध्ये दुरुस्ती करणे.,5,भवन,revenue
108,XE23A302/C7-161,10,प्रभाग क्र.10 सुतारवाडी येथील स.नं.111 व 112 येथील जुन्या ड्रेनेज लाईन बदलणे.,5,मलनिःसारण,revenue
109,RE20C302/C1-156,10,प्रभाग क्र.10 पाषाण सर्कल येथील शिवाजी पुतळयाजवळ विद्युत व्यवस्था करणे.,5,विद्युत,revenue
110,RE14B302/C5-111,11,प्रभाग क्र.११ मध्ये सार्वजनिक शौचालया मध्ये अपंग व्यक्तींसाठी रॅम्प बनवणे व कमोड भांडी बसवणे,5,गवनि,revenue
111,RE20A302/C2-229,11,"प्रभाग क्र.११ मध्ये चौकात अपघाती ठिकाणाजवळ वाहतूक पाट्या, कॅटस आय व थर्मोप्लास्टिक पेंट मारणे",5,पथ,revenue
112,RE20A302/C2-230,11,प्रभाग क्र.११ शिवाजी हौसिंग सोसा येथे विविध ठिकाणी साईड पट्टी कॉंक्रीट करणे ,5,पथ,revenue
113,RE20A302/C2-231,11,प्रभाग क्र. 11 मध्ये विविध ठिकाणी ग्राउट करणे.,5,पथ,revenue
114,RE20A302/C2-232,11,प्रभाग क्र. 11 मध्ये थर्मोप्लास्टिक ठिक ठिकाणी पेंट करणे.,5,पथ,revenue
115,RE22C302/C4-121,11,प्रभाग क्र.११ मधील विविध ठिकाणी समाज मंदिराची दुरुस्ती व रंगरंगोटी करणे.,5,भवन,revenue
116,RE22C302/C4-122,11,प्रभाग क्र.११ मध्ये मनपा कोठ्यांची देखभाल दुरुस्ती करणे,5,भवन,revenue
117,XE23A302/C7-173,11,प्रभाग क्र.११ मध्ये विविध ठिकाणी नाल्याच्या बाजूला लोखंडी जाळ्या बसविणे.,5,मलनिःसारण,revenue
118,XE23A302/C7-174,11,प्र.क्र.११ मध्ये शौचालयाची ड्रेनेज लाईन टाकणे,5,मलनिःसारण,revenue
119,RE20C302/C1-161,11,प्र.११ मध्ये विद्युत व्यवस्था सुधारणे,5,विद्युत,revenue
120,RE14B302/C5-112,12,प्र.१२ मध्ये समाज मंदिर व विविध शौचालय येथे अपंग व्यक्तीकरिता रॅम्प तयार करणे,5,गवनि,revenue
121,RE14B302/C5-113,12,प्र.१२ मध्ये विविध ठिकाणी गल्ली बोळ मध्ये फरशी बसवणे,5,गवनि,revenue
122,RE20A302/C2-233,12,प्र.१२ मध्ये विविध ठिकाणी फुटपाथ दुरुस्ती करणे,4,पथ,revenue
123,RE20A302/C2-234,12,प्र.१२ मध्ये विविध फुटपाथ वर रेलिंग बसवणे,3,पथ,revenue
124,RE20A302/C2-235,12,प्र.क्र.१२ मध्ये थर्मो प्लास्टिक पेंट मारणे ,5,पथ,revenue
125,RE20A302/C2-236,12,प्र.१२ मध्ये फुटपाथ रंग रंगोटी व विविध विकास कामे करणे ,5,पथ,revenue
126,RE22C302/C4-123,12,प्र.१२ मधील विविध ठिकाणी समाज मंदिराची दुरुस्ती करणे,4,भवन,revenue
127,XE23A302/C7-175,12,"प्र.१२ मध्ये विविध ठिकाणी चेंबर, रोड लेवल मध्ये उचलून घेणे",4,मलनिःसारण,revenue
128,XE23A302/C7-176,12,प्र.१२ मध्ये नाल्याच्या कडेला संरक्षक जाळ्या दुरुस्ती करणे व बसवणे,5,मलनिःसारण,revenue
129,XE23A302/C7-177,12,प्र.१२ मध्ये विविध ठिकाणी ड्रेनेज लाईन दुरुस्ती करणे,5,मलनिःसारण,revenue
130,RE20C302/C1-162,12,प्र.१२ मध्ये विविध ठिकाणी विद्युत विषयक कामे करणे,5,विद्युत,revenue
131,RE14B302/C5-114,13,प्र.१३ मध्ये विविध ठिकाणी सार्वजनिक शौचालया मध्ये कमोड बसवणे,4,गवनि,revenue
132,RE14B302/C5-115,13,प्र.१३ मधील पाटील इस्टेट येथे गल्ली बोळ कॉंक्रीटकरण करणे,3,गवनि,revenue
133,RE14B302/C5-116,13,"प.क्र.१३ मध्ये मुळारोड संगमवाडी पाटील इस्टेट येथील समाज मंदिरे,  शौचालये, शाळा व दवाखाने मध्ये अपंग व्यक्तीकरिता रॅम्प बसवणे",3,गवनि,revenue
134,RE20A302/C2-237,13,प्र.१३ मधील फुटपाथ वर रेलिंग बसवणे,3,पथ,revenue
135,RE20A302/C2-238,13,"प्र.क्र.१३ मध्ये नतावाडी, गावठाण परिसरात कॉंक्रीट करणे, फुटपाथ दुरुस्ती, राडारोडा उचलणे",4,पथ,revenue
136,RE20A302/C2-239,13,"प्र.१३ मध्ये एसटी स्टॅनड, रेल्वे स्टेशन,नतावाडी पीएमपीएमएल डेपो येथे वाहतूक विषयक पाट्या, रीडिंग रंगवणे कॅटस आय बसवणे",3,पथ,revenue
137,RE22C302/C4-124,13,प्र.१३ मधील मुळारोड येथील घाटावर रेलिंग बसवणे व पेंटिंग करणे,5,भवन,revenue
138,XE23A302/C7-178,13,प्र.१३ मधील नाल्याच्या कडेला सरंक्षक जाळ्या बसवणे,5,मलनिःसारण,revenue
139,XE23A302/C7-179,13,प्र.१३ मधील मुळारोड येथे शौचालय विषयक ड्रेनेज लाईनची कामे करणे,5,मलनिःसारण,revenue
140,XE23A302/C7-180,13,प्र.१३ मधील संगमवाडी येथे साईबाबा मंदिराजवळ ड्रेनेज लाईन टाकणे,5,मलनिःसारण,revenue
141,XE23A302/C7-181,13,प्र.१३ मधील नतावाडी परिसरात ड्रेनेज लाईन दुरुस्ती,5,मलनिःसारण,revenue
142,RE20C302/C1-163,13,प्र.१३ मधील पाटील इस्टेट गल्ली नं.६ मध्ये विद्युत विषयक कामे करणे,5,विद्युत,revenue
143,RE14B302/C5-138,14,प्रभाग क्र. 14 ब मध्ये नार्इक नगर जयजवान नगर येथे ड्रेनेज लार्इन टाकणे,5,गवनि,revenue
144,FE14A121/C5-52,14,प्रभाग क्र. 14 अ मदर टेरीसा हॉल समोरील बंद अवस्थेत असलेल्या शौचालयाला दुरूस्त करून चालु करणे,5,गवनि,capital
145,FE14A121/C5-53,14,"प्रभाग क्र. 14 ब मध्ये रामनगर, पांडुलमाणवस्ती , जयजवान नगर मधील शौचालय दुरूस्ती करणे ",5,गवनि,capital
146,FE14A121/C5-54,14,प्रभाग क्र. 14 ब लक्ष्मीनगर संभाजी चौक परदेशी चाळ येथे रस्ता कॉंक्रीट करणे,5,गवनि,capital
147,CE22A547/C4-56,14,प्र.क्र. 14 अ लक्ष्मीनगर मातोश्री रमाबार्इ आंबेडकर अभ्यासिका मध्ये बसण्यासाठी बाकडे व फर्निचर विषयक कामे करणे,5,भवन,capital
148,CE22A547/C4-57,14,प्रभाग क्र. 14 अ येरवडा वॉर्ड ऑफिस शेजारी चांदशाहावली दर्गा परिसरात दोन सिटर शौचालय बनवुण देणे,5,भवन,capital
149,CE22A547/C4-58,14,प्रभाग क्र. 14 अ येरवडा वॉर्ड ऑफिस शेजारी चांदशाहावली दर्गा परिसरात सिमाभिंत बाधुन व परिसरात बसण्याकरीता लाकडी अभासाचे बाकडे बसविणे,5,भवन,capital
150,XE23A302/C7-226,14,प्रभाग क्र. 14 अ प्रभागा मध्ये चेंबर दुरूस्ती व प्लास्टर करणे व साफसफार्इ करणे,5,मलनिःसारण,revenue
151,CE20C406/C1-126,14,"प्रभाग क्र. 14 ब मध्ये रामनगर, पांडुलमाणवस्ती येथे विद्युत फिटींग बसविणे ",5,विद्युत,capital
152,RE14B302/C5-139,15,प्रभाग क्र. 15 मधील गवनि भागातील शौचालय दुरूस्ती करणे,5,गवनि,revenue
153,RE20A302/C2-300,15,प्रभाग क्र. 15 प्रभागातील विविध ठिकाणी भिंती वर समाजविषयक प्रबोधनकार घोश वाक्य लिहणे व चित्र काढणे,5,पथ,revenue
154,RE20A302/C2-301,15,प्रभाग क्र. 15 मधील विविध ठिकाणी फुटपाथ दुरूस्ती करणे,5,पथ,revenue
155,RE20A302/C2-302,15,प्रभाग क्र. 15 मधील कलव्हट ब्रीज व नाल्यालगत जाळी बसविणे,5,पथ,revenue
156,RE22C302/C4-153,15,प्रभाग क्र. 15 मध्ये अर्धवट राहिलेल्या समाजमंदिराचे काम पुर्ण करणे,5,भवन,revenue
157,RE22C302/C4-154,15,प्रभाग क्र. 15 प्रभागातील शौचालयाची दुरूस्ती व रंगरंगोटी करणे,5,भवन,revenue
158,CE22A547/C4-59,15,प्रभाग क्र. 15 मधील इंद्रपस्थ उद्यान येथिल वॉकिंग  टॅ्क वर स्टम्प कॉंक्रीट करणे,5,भवन,capital
159,XE23A302/C7-227,15,प्रभाग क्र. 15 प्रभागातील विविध ठिकाणी चेंबर लार्इन बदलणे व दुरूस्ती करणे,5,मलनिःसारण,revenue
160,XE23A302/C7-228,15,"प्रभाग क्र. 15 मधील जुन्या ड्रेनेज लार्इन बदलणे (आर्दश इंदिरानगर, सुरक्षानगर)",5,मलनिःसारण,revenue
161,XE23A302/C7-229,15,प्रभाग क्र. 15 मधील गवनि भागातील कॉंक्रीट करणे,5,मलनिःसारण,revenue
162,CE20C406/C1-127,15,"प्रभाग क्र. 15 मध्ये माणिक नगर , लक्ष्मीनगर , अशोकनगर परिसरात पथदिवे बसविणे ",5,विद्युत,capital
163,RE14B302/C5-140,16,प्रभाग क्र. 16 मधील गवनि भागातील शौचालय दुरूस्ती करणे,5,गवनि,revenue
164,RE20A302/C2-303,16,प्रभाग क्र. 16 प्रभागातील विविध ठिकाणी भिंती वर समाजविषयक प्रबोधनकार घोश वाक्य लिहणे ,5,पथ,revenue
165,RE20A302/C2-304,16,प्रभाग क्र. 16 स्टार एलेव्हन मित्र मंडळापासुन नदी रस्ता कॉंक्रीट करणे,5,पथ,revenue
166,RE20A302/C2-305,16,प्रभाग क्र. 16 मधील विविध ठिकाणी फुटपाथ दुरूस्ती करणे,5,पथ,revenue
167,RE20A302/C2-306,16,प्रभाग क्र. 16 मधील कलव्हट ब्रीज व नाल्यालगत जाळी बसविणे,5,पथ,revenue
168,XE23A302/C7-230,16,प्रभाग क्र. 16 प्रभागातील विविध ठिकाणी चेंबर लार्इन बदलणे व दुरूस्ती करणे,5,मलनिःसारण,revenue
169,XE23A302/C7-231,16,"प्रभाग क्र. 16 मधील जुन्या ड्रेनेज लार्इन बदलणे (आर्दश इंदिरानगर, सुरक्षानगर)",5,मलनिःसारण,revenue
170,XE23A302/C7-232,16,प्रभाग क्र. 16 मधील गवनि भागातील कॉंक्रीट करणे,5,मलनिःसारण,revenue
171,RE20C302/C1-184,16,प्रभाग क्र. 16 प्रभागातील विविध ठिकाणी दिवे व पोल बसविणे ,7,विद्युत,revenue
172,RE20A302/C2-284,17,प्रभाग क्र.१७  प्रभागामध्ये विविध ठिकाणी वाहतूक नियमनाचे बोर्ड बसविणे,2,पथ,revenue
173,RE20A302/C2-285,17,प्रभाग क्र.१७  कल्याणीनगरआगाखान पॅलेस परिसरामध्ये रस्त्यांवर पांढरे पट्‌टे मारणे व कॅटस्‌ आय बसविणे,3,पथ,revenue
174,RE20A302/C2-286,17,प्रभाग क्र.१७  कल्याणीनगर आगाखान पॅलेस  परिसरातील फुटपाथ दुरुस्ती करणे,5,पथ,revenue
175,RE20A302/C2-287,17,प्रभाग क्र.१७  त्रिदलनगर  मध्ये पावसाळी लाईन टाकणे,5,पथ,revenue
176,RE20A302/C2-288,17,प्रभाग क्र.१७  शांतीरक्षक परिसरात रस्ते कॉक्रीट करणे,5,पथ,revenue
177,XE12B302/C6-59,17,प्रभाग क्र.१७  कल्याणीनगर आगाखान पॅलेस परिसरामध्ये नविन पाण्याची लाईन टाकणे,5,पाणीपुरवठा,revenue
178,XE12B302/C6-60,17,प्रभाग क्र.१७  स.नं. क्र१७ जयप्रकाशनगर मध्ये अनेक ठिकाणी कमी प्रेशरने येते त्याभागात पाण्याच्या लाईल टाकणे,5,पाणीपुरवठा,revenue
179,XE23A302/C7-216,17,प्रभाग क्र.१७  गांधीनगर-जयप्रकाशनगर भागातील चेंबर दुरुस्ती करणे,5,मलनिःसारण,revenue
180,XE23A302/C7-217,17,प्रभाग क्र.१७  शांतीरक्षक परिसरातील जुन्या डे्रनेज लाईन बदलणे,5,मलनिःसारण,revenue
181,XE23A302/C7-218,17,प्रभाग क्र.१७  महात्मा गांधीनगर  मध्ये ड्रेनेज दुरुस्ती व चेबर दुरुस्तीची कामे करणे,5,मलनिःसारण,revenue
182,RE20C302/C1-182,17,प्रभाग क्र.१७  महात्मा गांधीनगर पथदिवे बदलणे व फि टीग बदलणे,5,विद्युत,revenue
183,RE20A302/C2-289,18,प्रभाग क्र.१८ आशिष सोसायटी येथे रस्ते विकसित करणे.,5,पथ,revenue
184,RE20A302/C2-290,18,"प्रभाग क्र.१८ हिंदु, मुस्लीम, ख्रिश्चन दफनभुमीमध्ये पदपथ व इतर विकासाची कामे करणे.",5,पथ,revenue
185,RE20A302/C2-291,18,प्रभाग क्र.१८ सर्व्हे नं ४१ उर्जा सोसायटी व जयहिंद सोसायटी येथील रस्ते विकसीत करणे.,5,पथ,revenue
186,RE20A302/C2-292,18,प्र.क्र.१८ सर्व्हे नं ४१ मुरलीधर सोसायटी पोलीस लाईन विदयानगर मधील पथदिवे एलएडिसह विदयत पोल बसविणे,5,पथ,revenue
187,RE20A302/C2-293,18,प्रभाग क्र.१८ सैनिकवाडी येथील रस्त्याच्या कडेला फुटपाथ करणे,5,पथ,revenue
188,RE22C302/C4-148,18,प्रभाग क्र.१८ सनसिटी समोरील उानामध्ये बसण्यासाठी बेचेंस खरेदी करणे,5,भवन,revenue
189,RE22C302/C4-149,18,प्रभाग क्र.१८ गार्डनमध्ये विविध सुधारणा कामे करणे.,5,भवन,revenue
190,RE22C302/C4-150,18,प्रभाग क्र.१८ वडगावशेरी येथील स नं ३७ टेम्पो चौक समर्थ नगर समोरील ३० दशलक्ष लिटर पाणी क्षमता असलेल्या पाण्याच्या टाकी परिसरातील सिमाभिंतीची दुरावस्था झालेला असून नवीन पक्की कपांऊड भिंत बांधुन टाकी परिसर संरक्षित करावा.,5,भवन,revenue
191,XE23A302/C7-219,18,प्रभाग क्र.१८ विविध ठिकाणी डे्रनेज दुरूस्ती विषयक कामे करणे,5,मलनिःसारण,revenue
192,XE23A302/C7-220,18,प्रभाग क्र.१८ स नं २९ रामवाडी गावठाणातील सार्वजनिक शौचालयाची दुरूस्ती करणे.,5,मलनिःसारण,revenue
193,RE20A302/C2-294,19,प्रभाग क्र.१९  स.नं.२९/३ मधील डांबरी रोडचे काम करणे,5,पथ,revenue
194,RE20A302/C2-295,19,प्रभाग क्र.१९ मध्ये गणेशनगर येथे सिमेंट काँक्रीट करणे.,5,पथ,revenue
195,RE20A302/C2-296,19,प्रभाग क्र.१९ मध्ये सर्वे नं.३२ येथील विश्वलिला सोसायटी मधील रस्ता डांबरीकरण करणे.,5,पथ,revenue
196,RE22C302/C4-151,19,प्रभाग क्र.१९ मध्ये समाजमंदिर देखभाल दुरूस्ती करणे.,5,भवन,revenue
197,RE22C302/C4-152,19,प्रभाग क्र.१९ मध्ये दवाखाना व ज्येष्ट नागरिकांसाठीच्या हॉलची देखभाल दुरूस्ती करणे.,5,भवन,revenue
198,XE23A302/C7-221,19,"प्रभाग क्र.१९ मध्ये स्टॉर्म वॉटर/ड्रेनेज वॉटर लाईन स्वतंत्र टाकणे बोराटेनगर, बोराटेवस्ती",5,मलनिःसारण,revenue
199,XE23A302/C7-222,19,प्रभाग क्र.१९ मध्ये ड्रेनेज लाईन साफसफाई व दुरुस्ती करणे.,5,मलनिःसारण,revenue
200,XE23A302/C7-223,19,प्रभाग क्र.१९ मध्ये स.नं.९ तुकारामनगर येथील खराब झालेली पावसाळी लाईन व ड्रनेज लाईन साफ करणे.,5,मलनिःसारण,revenue
201,XE23A302/C7-224,19,प्रभाग क्र.१९ मध्ये सर्व्हे नं.१०/११ संभाजीनगर गणपती मंदिर परिसर गल्ली नं.२ व ३ मधील गटारे दुरूस्ती करणे.,5,मलनिःसारण,revenue
202,RE20C302/C1-183,19,"प्रभाग क्र.१९ मध्ये सर्वे नं.२९/३,२६,२८ मधिल विुत तारा भुमिगत करणे अंतर्गत व प्रमुख रस्त्यावर आणि चौकात एलईडी दिवे बसवावेत",5,विद्युत,revenue
203,RE14B302/C5-122,20,प्रभाग क्र.२० मध्ये आनंद निवास राजगे आळी येथील सुलभ शौचालय दुरूस्ती करणे.,5,गवनि,revenue
204,RE14B302/C5-123,20,"प्रभाग क्र.२० मध्ये मुंढवा गाव, सर्वोदय कॉलनी येथील सार्वजनिक शौचालयांची दुरूस्ती करून रंगकाम करणे.",3,गवनि,revenue
205,RE20A302/C2-260,20,प्रभाग क्र.२० मध्ये मुंढवा भाजी मार्केट येथील फुटपाथ (पदपथ) दुरूस्ती व विकसीत करणे.,5,पथ,revenue
206,RE20A302/C2-261,20,प्रभाग क्र.२० मध्ये मुंढवा किर्तनेबाग येथील पुलाखाली जाणा-या साईड रोडवर पावसाळी लाईन टाकणे.,5,पथ,revenue
207,RE20A302/C2-262,20,प्रभाग क्र.२० मध्ये मुंढवा पुलाखालील उदयानामध्ये पदपथ विकसीत करणे.,5,पथ,revenue
208,RE20A302/C2-263,20,प्रभाग क्र.२० मध्ये मुंढवा गावठाणातील सर्व रस्त्यांचे पेव्हरने डांबरीकरण करणे.,5,पथ,revenue
209,RE22C302/C4-130,20,"प्र.क्र.२०, भोसले गार्डन, भोसले नगर या परिसरातील नागरिकांना कचरा व्यवस्थापनासाठी प्लास्टिकच्या बकेट पुरविणे",2,भवन,revenue
210,XE23A302/C7-198,20,प्रभाग क्र.२० मध्ये मुंढवा भाजी मार्केट ते कामगार मैदान येथील मोठया व्यासाची ड्रेनेज लाईन टाकणे.,5,मलनिःसारण,revenue
211,XE23A302/C7-199,20,प्रभाग क्र.२० मध्ये मुंढवा गावठाणातील सर्व सार्वजनिक ड्रेनेज लाईन दुरूस्ती व चेंबर्सची दुरूस्ती करणे.,5,मलनिःसारण,revenue
212,XE23A302/C7-200,20,प्रभाग क्र.२० मध्ये शिंदे वस्ती हडपसर औदोगिक वसाहत येथील ड्रेनेज लाईन दुरूस्त करून चेंबर्स बदलणे.,5,मलनिःसारण,revenue
213,RE20C302/C1-173,20,प्रभाग क्र.२० मध्ये शिंदे वस्ती हडपसर औदोगिक वसाहत येथील नियोजीत कचरा वर्गीकरण प्रकल्पाकडे जाणा-या रस्त्यावर पथदिप व एल ई डी दिवे बसविणे.,5,विद्युत,revenue
214,RE14B302/C5-124,21,प्रभाग क्र.२१ मध्ये दरोडे मळा येथे शौचालयांची दुरूस्ती करणे.,2,गवनि,revenue
215,RE14B302/C5-125,21,प्रभाग क्र.२१ मध्ये गाडगे महाराज वस्ती येथे शौचालय दुरूस्ती करणे.,5,गवनि,revenue
216,RE20A302/C2-264,21,प्रभाग क्र.२१ आगवाली चाळ येथे कॉक्रीट करणे.,5,पथ,revenue
217,RE20A302/C2-265,21,प्रभाग क्र.२१ मध्ये दरोडे मळा येथे कॉक्रीटीकरण करणे.,5,पथ,revenue
218,RE22C302/C4-131,21,प्रभाग क्र.२१ मध्ये भदंन्त आनंद बुध्द विहार येथे विविध विकास कामे करणे.,5,भवन,revenue
219,RE22C302/C4-132,21,प्रभाग क्र.२१ लोकसेवा वसाहत समाज मंदिराची दुरूस्ती करणे.,5,भवन,revenue
220,XE23A302/C7-201,21,प्रभाग क्र.२१ बर्निंग घाट येथे ड्रेनेज लाईन टाकणे.,5,मलनिःसारण,revenue
221,XE23A302/C7-202,21,प्रभाग क्र.२१ बर्निंग घाट येथे कॉक्रीट करणे.,5,मलनिःसारण,revenue
222,XE23A302/C7-203,21,प्रभाग क्र.२१ मध्ये कवडेवाडी येथे ड्रेनेज लाईन व कॉक्रीट करणे.,5,मलनिःसारण,revenue
223,RE20C302/C1-174,21,प्रभाग क्र.२१ शाहू महाराज चाळ येथे विदयुत व्यवस्था करणे.,5,विद्युत,revenue
224,RE20C302/C1-175,21,प्रभाग क्र.२१ मध्ये आगवाली चाळ येथे विदयुत व्यवस्था करणे.,3,विद्युत,revenue
225,RE14B302/C5-126,22,प्रभाग क्र.२२ मध्ये विश्वदिप तरूण मंडळ नदी किनारी असलेल्या सार्वजनिक स्वच्छतागृहाची दुरूस्ती व डागडुजी करून रंगरंगोटी करणे.,3,गवनि,revenue
226,RE14B302/C5-127,22,प्रभाग क्र.२२ मध्ये भाजी मार्केट येथे असलेले दुमजली स्वच्छतागृह दुरूस्त करून पाण्याच्या टाक्या बदलणे.,3,गवनि,revenue
227,RE14B302/C5-128,22,प्रभाग क्र.२२ मध्ये विविध ठिकाणी असलेल्या महिला स्वच्छतागृहामध्ये सॅनेटरी नॅपकीन डिस्पोजल मशीन बसविणे.,2,गवनि,revenue
228,RE14B302/C5-129,22,प्रभाग क्र.२२ मध्ये एकजुट मंडळालगत असलेल्या महिला व पुरूष स्वच्छतागृहाची दुरूस्ती विषयक कामे करणे.,5,गवनि,revenue
229,RE14B302/C5-130,22,प्रभाग क्र.२२ मध्ये नदिकिानारी असणा-या परिसरात झोपडपटटी गल्ली बोळात इंटरलॉकिंग ब्लॉक बसविणे.,5,गवनि,revenue
230,RE14B302/C5-131,22,प्रभाग क्र.२२ मध्ये भिमसंघटना झोपडपटटीमध्ये इंटरलॉकिंंग ब्लॉक बसविणे.,5,गवनि,revenue
231,RE20A302/C2-266,22,प्रभाग क्र.२२ मध्ये आई जनाई माता मंदिराकडे जाण्यासाठी रस्ता बनविणे.,5,पथ,revenue
232,XE12B302/C6-55,22,प्रभाग क्र.२२ मध्ये विविध ठिकाणी असणारी पिण्याच्या पाण्याची लाईन दुरूस्ती करणे.,5,पाणीपुरवठा,revenue
233,RE22C302/C4-133,22,प्रभाग क्र.२२ मध्ये नागरिकांना ओला सुका कचरा वर्गीकरण करणे करिता लहान बकेट वाटण्यात याव्यात.,2,भवन,revenue
234,RE22C302/C4-134,22,प्रभाग क्र.२२ मध्ये प्लास्टिक बदीकरिता कापडी पिशव्या नागरिकांना वाटण्यात याव्यात.,2,भवन,revenue
235,RE22C302/C4-135,22,प्रभाग क्र.२२ मध्ये विविध ठिकाणी असलेल्या बोअर पंप हात पंप दुरूस्त कराव्यात.,3,भवन,revenue
236,RE22C302/C4-136,22,प्रभाग क्र.२२ मध्ये आई जनाई माता मंदिर नदिकिनारी घाट बांधणे व मंदिर परीसरात सरंक्षक भिंत बांधणे.,5,भवन,revenue
237,RE22C302/C4-137,22,प्रभाग क्र.२२ मध्ये विविध ठिकाणच्या समाजमंदिरामध्ये रंगरंगोटी करणे.,3,भवन,revenue
238,RE20C302/C1-176,22,प्रभाग क्र.२२ मध्ये जहांगिर हॉस्पीटल चौक/लडकत वाडी चौक येथील सिग्नल वाहतुक दिप संचलन व्यवस्था दुरूस्त करणे व उंचावर बसविणे.,2,विद्युत,revenue
239,RE14B302/C5-132,23,"प्रभाग क्र.२३ येथील ३३० नेहरू विकास नगर, भिमनगर, २५१ इंदिरा नगर येथील शौचालयाची दुरूस्ती करणे व तदनुषंगिक कामे करणे.",4.25,गवनि,revenue
240,RE14B302/C5-133,23,प्रभाग क्र.२३ मध्ये शौचालय दुरूस्ती करणे (सर्व सार्वजनिक शौचालये),3,गवनि,revenue
241,RE20A302/C2-267,23,प्रभाग क्र.२३ मध्ये जाचक वाडा कॉक्रीट करणे.,2,पथ,revenue
242,RE20A302/C2-268,23,प्रभाग क्र.२३ येथील नागझरी नाला स्वच्छ करणे व राडारोडा उचलणे व तदनुषंगिक कामे करणे.,4.25,पथ,revenue
243,RE20A302/C2-269,23,प्रभाग क्र.२३ येथे छत्रपती शिवाजी स्टेडियम समोरील फुटपाथ नविन करणे.,4.25,पथ,revenue
244,XE12B302/C6-56,23,"प्रभाग क्र.२३ येथील ३३० नेहरू विकास नगर, भिमनगर, इंदिरा नगर येथील खराब झालेली पाण्याची लाईन नव्याने टाकणे व तदनुषंगिक कामे करणे.",4,पाणीपुरवठा,revenue
245,RE22C302/C4-138,23,प्रभाग क्र.२३ येथे विविध महानगरपालिकेच्या इमारतीमधील विकास कामे करणे व तदनुषंगिक कामे करणे.,4.25,भवन,revenue
246,RE22C302/C4-139,23,प्रभाग क्र.२३ मध्ये भगतसिंग मित्र मंडळ येथे सिमाभिंत बांधणे.,2,भवन,revenue
247,RE22C302/C4-140,23,प्रभाग क्र.२३ मध्ये गाडगीळ पुतळा ते कोंबडीबाजार पर्यंत कठडयाला जाळी बसविणे.,5,भवन,revenue
248,XE23A302/C7-204,23,प्रभाग क्र.२३ मध्ये स्वामी समर्थ पासून ८३० पर्यंत कॉक्रीट करणे ड्रेनेज लाईन टाकणे.,3,मलनिःसारण,revenue
249,XE23A302/C7-205,23,"प्र.क्र.२३ येथील २५१ इंदिरानगर, ३३० भिमनगर येथील नविन ड्रेनेज लाईन व कॉक्रीटीकरण करणे व तदनुषंगिक कामे करणे",4,मलनिःसारण,revenue
250,XE23A302/C7-206,23,प्रभाग क्र.२३ मध्ये कुंभारवाडा बांगी बोळ ड्रेनेज लाईन टाकणे.,5,मलनिःसारण,revenue
251,XE23A302/C7-207,23,प्रभाग क्र.२३ मध्ये वीर मित्र मंडळ येथे ड्रेनेज लाईन टाकणे व कॉक्रीट करणे.,5,मलनिःसारण,revenue
252,RE14B302/C5-117,24,प्रभाग क्र.२४ नाथ गल्ली येथे सिमेंट कॉंक्रीट करणे.,5,गवनि,revenue
253,RE14B302/C5-118,24,प्रभाग क्र.२४ सिमेंट कॉंक्रीट करणे (शिरोळे गल्ली),5,गवनि,revenue
254,XE23A302/C7-182,24,प्रभाग क्र.२४ मध्ये ड्रेनेज लाईन टाकणे,5,मलनिःसारण,revenue
255,XE23A302/C7-183,24,प्रभाग क्र.२४ मध्ये चेंबर दुरुस्ती करणे,5,मलनिःसारण,revenue
256,XE23A302/C7-184,24,प्रभाग क्र.२४ शिवाजीनगर गावठाण येथे ड्रेनेज लाईनची दुरुस्ती करणे व कॉंक्रीट करणे.,5,मलनिःसारण,revenue
257,XE23A302/C7-185,24,प्रभाग क्र. 24 पुलाची वाडी येथे ड्रेनेज लाईन व चेंबर टाकणे व दुरुस्ती करणे.,5,मलनिःसारण,revenue
258,XE23A302/C7-186,24,प्रभाग क्र. 24 आपटे रोड अंतर्गत गल्लीत ड्रेनेज लाईनची दुरुस्ती करणे व कॉंक्रीट करणे.,5,मलनिःसारण,revenue
259,XE23A302/C7-187,24,प्रभाग क्र.२४ मध्ये ड्रेनेज लाईन बदलणे,5,मलनिःसारण,revenue
260,XE23A302/C7-188,24,प्रभाग क्र. 24 मधिल गणपती चौक ते जोशी आळी गणपती चौक ते जंगली महाराज रस्ता गणपती चौक ते शिरोळी आळी रस्ता येथील गटाराची लाईन बदलणे.,5,मलनिःसारण,revenue
261,RE20C302/C1-164,24,प्रभाग क्र.२४ शिवाजीनगर भागात विद्युत व्यवस्था करणे,5,विद्युत,revenue
262,RE14B302/C5-119,25,प्रभाग क्र.२५ रामोशीवाडी परीसरामध्ये कॉंक्रीट व फरशी काम करणे,5,गवनि,revenue
263,RE14B302/C5-120,25,प्रभाग क्र.२५ प्रभागातील सार्वजनिक शौचालयामध्ये अपंगांसाठी कमोड बसवणे,2,गवनि,revenue
264,RE20A302/C2-240,25,प्रभाग क्र.२५ मधिल रस्त्यांवर पट्टे मारणे,5,पथ,revenue
265,RE20A302/C2-241,25,प्रभाग क्र.२५ मधिल रस्त्यांवर विविध ठिकाणी कॅटसआय बसविणे,2,पथ,revenue
266,RE22C302/C4-125,25,प्रभाग क्र.२५ प्रभागातील आरोग्य कोठी मध्ये दुरुस्ती कामे करणे,3,भवन,revenue
267,RE22C302/C4-126,25,प्रभाग क्र.२५ मधिल रस्त्याच्या कडेला असलेल्या भिंतीवर चित्र रंगवणे व स्लोगन लिहिणे,1,भवन,revenue
268,RE22C302/C4-127,25,प्र.२५ मनपा वसाहती मध्ये दरवाजे दुरुस्ती टाइल्स बदलणे इ. दुरुस्तीची कामे करणे,3,भवन,revenue
269,RE22C302/C4-128,25,प्र.२५ मनपा वसाहती मध्ये  प्लास्टर व इतर दुरुस्तीची कामे करणे,5,भवन,revenue
270,XE23A302/C7-189,25,प्रभाग क्र.२५ मनपा वसाहतीमागील ड्रेनेज चेंबर दुरुस्ती करणे व पाईप बदलणे.,5,मलनिःसारण,revenue
271,XE23A302/C7-190,25,प्रभाग क्र.२५ स.नं.२६१ गुंजाळवाडी येथे ड्रेनेज लाईन टाकणे व कॉंक्रीटीकरण करणे,5,मलनिःसारण,revenue
272,XE23A302/C7-191,25,प्रभाग क्र.२५ हेल्थ कॅम्प पूरग्रस्त वसाहत येथे ड्रेनेज लाईन टाकणे व फरशी बसविणे.,5,मलनिःसारण,revenue
273,XE23A302/C7-192,25,प्रभाग क्र.२५ मधिल नाल्यांवर जाळ्या बसवणे,2,मलनिःसारण,revenue
274,XE23A302/C7-193,25,प्रभाग क्र.२५ रामोशीवाडी मधील ठिकठिकाणी ड्रेनेज लाईन बदलणे व कॉंक्रीटकरण करणे,5,मलनिःसारण,revenue
275,RE20C302/C1-165,25,प्रभाग क्र.२५ मधिल शौचालयांना पाण्याचे मोटर व इतर कामांसाठी विद्युत व्यवस्था करणे,2,विद्युत,revenue
276,RE14B302/C5-108,26,"प्रभाग क्र.२६ गवणी घोषीत झोपडपट्टीमध्ये चेंबर दुरुस्ती करणे, हनुमान नगर,राऊतवाडी, केळेवाडी इ.दुरुस्ती करणे",3,गवनि,revenue
277,RE14B302/C5-109,26,"प्रभाग क्र.२६ सार्वजनिक शौचालय, हनुमान नगर,केळेवाडी, राऊत वाडी, मोरे श्रमिक वसाहत इ.दुरुस्ती करणे",2,गवनि,revenue
278,RE14B302/C5-110,26,"प्रभाग क्र.२६ स.नं.४४, क्रांतीवीर चौक, केळेवाडी येथील ढमाले यांच्या दुकानाजवळील सार्वजनिक शौचालयाची आऊटलाईन बदलणे व पाण्याचरूा टाकीचे झाकण बदलणे व किरकोळ दुरुस्ती करणे.",3,गवनि,revenue
279,RE20A302/C2-219,26,प्रभाग क्र.२६ गिरीजा सोसायटी चेंबर रस्त्यावरचे उचलून घेणे व सावली सोसायटी साईड पट्टी काँक्रीटकरण करणे व गिरीजा सोसायटी  फुटपाथ दुरुस्ती करणे.,3,पथ,revenue
280,RE20A302/C2-220,26,प्रभाग क्र.२६ खडकेश्वर मंदिरापासुन विटेकर यांचा दुकानापर्यंत ड्रेनेज लाईन बदलणे (वसंतनगर परिसर) काँक्रीटीकरण करणे.,3,पथ,revenue
281,CE20A1196/C2-101,26,प्र.क्र. २६ जयश्रीराम तरूण मंडळ ते आदर्श चौकापर्यत कॉक्रीटीकरणे करणे.,2,पथ,capital
282,CE20A1196/C2-102,26,प्र.क्र. २६ स.नं.४४ आदर्श चौक केळेवाडी चौकातील काँक्रीटीकरण करणे. (डॉ. सुनिता कुलकर्णी ते सोनार घर),2,पथ,capital
283,CE20A1196/C2-103,26,"प्र.क्र. २६ स.नं.४४ बालतरुण मंडळ , भगत अळी केळेवाडी येथील अशोक भगत यांच्या घराजवळ क्राँकीटीकरण करणे.",3,पथ,capital
284,CE20A1196/C2-104,26,"प्र.क्र. २६ स.नं.४४ विश्वशांती चौक, केळेवाडी पोड रोड, पुणे येथील मंगलमुर्ती सुपर मार्केटच्या शेजारील गल्ली मध्ये क्रॉकिट सिमेंट टाकुन गल्ली क्रॉकीटीकरणे करणे. ",3,पथ,capital
285,RE22C302/C4-114,26,प्रभाग क्र.२६ केळेवाडी सुलभ शौचालयाजवळील रघुनाथ भगत घराजवळ ड्रेनेज व चेंबर दुरुस्ती करणे,3,भवन,revenue
286,XE23A302/C7-162,26,"प्रभाग क्र.२६ पावसाळी चेंबर दुरुस्त, फुटपाथ दुरुस्ती बोर्ड लावणे इ. हनुमान नगर,केळेवाडी, मोरे श्रमिक वसाहत इ.दुरुस्ती करणे",1,मलनिःसारण,revenue
287,ZE16B130/C7-51,26,"प्र.क्र. २६ मधील गिरीजा सोसायटी, माणिक बंगला समोरील खचलेले सर्व चेंबर उचलणे ",2,मलनिःसारण,capital
288,ZE16B130/C7-52,26,प्रभाग क्र.२६ मधील आदर्श चौक येथील विठ्टल पासलकर यांच्या घराजवळील ड्रेनेज लाईन बदलणे.,2,मलनिःसारण,capital
289,ZE16B130/C7-53,26,"प्र.क्र. २६ केळेवाडी मंगलमुर्ती दुकानासमोर,विलास हारपुडे घराजवळ नविन ड्रेनेज लाईन  टाकणे",3,मलनिःसारण,capital
290,ZE16B130/C7-54,26,प्र.क्र. २६ केळेवाडी मराठा मित्र मंडळ कैलास मारणे घराजवळ ड्रेनेज लाईन टाकणे.,2,मलनिःसारण,capital
291,ZE16B130/C7-55,26,प्र.क्र. २६ विलास खळे यांच्या घरापासुन ते संपत भोसले यांच्या घरापर्यंत ड्रेनेज लाइृन टाकणे,3,मलनिःसारण,capital
292,RE20C302/C1-157,26,"रभाग क्र.२६ मध्ये  हनुमान नगर,मोरे श्रमिक ,वसंतनगर, राऊतवाडी इ परिसरातील पथदिप पिवळ्या काढून पांढèया लावणे",2,विद्युत,revenue
293,RE20C302/C1-158,26,प्रभाग क्र.२६ केळेवाडी इंदिरापार्क राजीवगांधी पार्क व पार्क मधील सुलभ शौचालय व सार्वजनिक शौचालयातील  विद्युत विषयक कामे करणे,2,विद्युत,revenue
294,RE20C302/C1-159,26,प्रभाग क्र.२६ वसंतनगर येतील विविध परिसरात पथ दिवे दुरुस्त करणे व नविन बसवणे.,2,विद्युत,revenue
295,CE20C406/C1-101,26,प्र.क्र.२६ मधील केळेवाडी राजीव गांधी पार्क व इंदिरापार्क मध्ये जुन्या विद्युत लाईट काढुन नवीन विद्युत लाईट बसवणे,2,विद्युत,capital
296,CE20C406/C1-102,26,प्र.क्र. २६ राऊतवाडी हनुमान नगर मोरे श्रमिक वसाहत येथील खराब विद्युत खांबावरच्या लाईट बदलून नविन लाईट बसवणे व नविन लाईट पोल बसवणे.,2,विद्युत,capital
297,RE20A302/C2-221,27,प्रभाग क्र.२7 मध्ये सुतारदरा येथे वाहून आलेला राडारोडा उचलणे.,3,पथ,revenue
298,CE20A1196/C2-105,27,प्र.क्र.२७ मध्ये किष्किंधानगर येथील पाण्याची टाकीजवळ सिमेंट काँक्रीटीकरण करणे,3,पथ,capital
299,CE20A1196/C2-106,27,प्र.क्र.२७ मध्ये जयभवानीनगर येथे विविध ठिकाणी काँक्रीटीकरण करणे,3,पथ,capital
300,CE20A1196/C2-107,27,प्र.क्र.२७ मध्ये किष्किंधानगर येथील काँक्रीटीकरण करणे,2,पथ,capital
301,CE20A1196/C2-108,27,प्र.क्र.२७ मध्ये सुतारदरा येथील डोंगर भागात काँक्रीटीकरण करणे,2,पथ,capital
302,CE20A1196/C2-109,27,प्र.क्र.२७ मध्ये सुतारदरा येथे विविध ठिकाणी काँक्रीटीकरण करणे.,2,पथ,capital
303,RE22C302/C4-115,27,प्रभाग क्र.२7 मध्ये किष्किंधानगर येथील सार्वजनिक शौचालय दुरूस्त करणे,3,भवन,revenue
304,RE22C302/C4-116,27,प्रभाग क्र.२7 मध्ये  जयभवानीनगर येथील सार्वजनिक शौचालय दुरूस्ती करणे,3,भवन,revenue
305,XE23A302/C7-163,27,प्रभाग क्र.२7 मध्ये  किष्किंधानगर येथील डोंगर भागाताल गोल व चौकोनी चेंबर्सचे गाळ काढणे.,3,मलनिःसारण,revenue
306,XE23A302/C7-164,27,प्रभाग क्र.२7 मध्ये किष्किंधानगर येथील  गोल व चौकोनी दुरूस्त करणे.,3,मलनिःसारण,revenue
307,XE23A302/C7-165,27,प्रभाग क्र.२7 मध्ये जयभवानीनगर येथील गोल व चौकीनी चेंबर साफ करणे,4,मलनिःसारण,revenue
308,XE23A302/C7-166,27,प्रभाग क्र.२7 मध्ये जयभवानीनगर येथील गोल व चौकीनी चेंबर दुरूस्ती करणे,4,मलनिःसारण,revenue
309,XE23A302/C7-167,27,प्रभाग क्र.२7 मध्ये सुतारदरा येथे गोल व चौकोनी चेंबर गाळ काढणे,5,मलनिःसारण,revenue
310,CE20C406/C1-103,27,प्र.क्र.२७ मध्ये किष्किंधानगर येथील गल्लीबोळात प्रकाश व्यवस्था करणे.,5,विद्युत,capital
311,CE20C406/C1-104,27,प्र.क्र.२७ मध्ये विद्युत विषयक कामे करणे,5,विद्युत,capital
312,CE20A1196/C2-110,28,प्रभाग क्र.२८ शिवांजली मित्र मंडळ  व विविध ठिकाणी कॉक्रीटीकरण करणे,5,पथ,capital
313,CE20A1196/C2-111,28,"प्रभाग क्र.२८ आरमान सोसायटी, नवभूमी, मराठा महासंघ येथे कॉक्रीट करणे ",5,पथ,capital
314,RE22C302/C4-117,28,प्रभाग क्र.२८ मराठा महासंघ येथील व विविध ठिकाणचे शौचालय दुरूस्ती करणे,5,भवन,revenue
315,RE22C302/C4-118,28,प्रभाग क्र.२८ मराठा महासंघ व विविध ठिकाणी ड्रेनेज लाईन टाकणे  व शौचालय दुरुस्ती करणे.,5,भवन,revenue
316,RE22C302/C4-119,28,प्रभाग क्र.२८  विविध ठिकाणी सुलभ शौचालयाची दुरुस्ती करणे.,5,भवन,revenue
317,RE22C302/C4-120,28,प्रभाग क्र.२८ शाळा व समाजमंदिर दुरुस्त करणे व रंगरंगोटी करणे.,5,भवन,revenue
318,ZE16B130/C7-56,28,प्रभाग क्र.२८ म्हातोबानगर व विविध ठिकाणी ड्रेनेज लाईन टाकणे व कॉक्रीट करणे,5,मलनिःसारण,capital
319,ZE16B130/C7-57,28,प्रभाग क्र.२८ सागर कॉलनी मधील व विवधि ठिकाणचे ड्रेनेज लाईन टाकणे  व कॉक्रीट करणे.,5,मलनिःसारण,capital
320,RE20C302/C1-160,28,प्रभाग क्र.२८ विविध ठिकाणी विद्युत विषयक कामे करणे,10,विद्युत,revenue
321,RE20A302/C2-222,29,"प्र.क्र.२९, भुसारी कॉलनमधील खराब झालेले रस्ते डांबरीकरण करणे",5,पथ,revenue
322,RE20A302/C2-223,29,"प्र.क्र.२९, बावधन परिसरातील खराब झालेले रस्ते डांबरीकरण करणे",5,पथ,revenue
323,RE20A302/C2-224,29,"प्र.क्र.२९, विविध रस्त्यांवर झेब्रा क्रॉसिंगचे पट्टे मारणे व ट्रॅफिक विषयक कामे करणे",5,पथ,revenue
324,RE20A302/C2-225,29,"प्र.क्र.२९, विविध ठिकाणी पेव्हिंग ब्लॉक बसविणे व दुरूस्ती करणे.",5,पथ,revenue
325,CE22A547/C4-51,29,"प्र.क्र.२९, सोबा पार्क जवळील पडलेली भिंत बांधणे",5,भवन,capital
326,XE23A302/C7-168,29,"प्र.क्र.२९, विविध ठिकाणच्या पावसाळी व ड्रेनेज चेंबर्सची दुरूस्ती व ड्रेनेज लाईन व पावसाळी लाईन साफसाफई करणे",5,मलनिःसारण,revenue
327,ZE16B130/C7-58,29,"प्र.क्र.२९, नाले साफसफाई करणे",5,मलनिःसारण,capital
328,ZE16B130/C7-59,29,"प्र.क्र.२९, बावधन येथील रामनदीची स्वच्छता करणे",5,मलनिःसारण,capital
329,CE20C406/C1-105,29,प्र.क्र.२९ मध्ये विद्युत विषयक कामे करणे,5,विद्युत,capital
330,CE20C406/C1-106,29,"प्र.क्र.२९, भूमिगत केबल विषयक कामे करणे",5,विद्युत,capital
331,RE20A302/C2-249,30,प्र.क्र.३० अ मध्ये हिंगणे होम कॅालनी परिसरात रस्ते डांबरीकरण करणे.,5,पथ,revenue
332,RE20A302/C2-250,30,प्रभाग क्र.३० अ मध्ये रस्त्यावर पांढरे पट्टे मारणे.,5,पथ,revenue
333,RE20A302/C2-251,30,प्र. क्र. 30 ब मध्ये अष्टविनायक चौक परिसरत रस्ता कॅाक्रीट,5,पथ,revenue
334,RE20A302/C2-252,30,प्र.क्र. 30 ब मध्ये सुरभी कॅलनी परिसरात रस्ता कॅाक्रीटकरण करणे.,5,पथ,revenue
335,CE20A1196/C2-115,30,प्र.क्र.३० ब मध्ये आर.एम.डी. कॅालेज ते रोजरी स्कूल पर्यंतच्या उर्वरीत रस्त्याचे काम पुर्ण करणे.,5,पथ,capital
336,CE20A1196/C2-116,30,प्र.क्र.३० ब मध्ये आर एम डी कॅालेजच्या मागे असलेल्या रस्त्यास खडीकरण करणे,5,पथ,capital
337,RE22C302/C4-129,30,प्र.क्र.३० अ मध्ये शाळा दवाखाने दुरूस्तीविषयक कामे करणे,5,भवन,revenue
338,ZE16B130/C7-60,30,प्रभाग क्र.३० अ मध्ये वडारवस्ती व होम कॅालनी येथे ड्रेनेज लाईन टाकणे.,5,मलनिःसारण,capital
339,ZE16B130/C7-61,30,प्र.क्र.३० ब मध्ये विठ्ठलनगर परिसरात मोठ्या व्यासाची ड्रेनेज लाईन टाकणे,5,मलनिःसारण,capital
340,RE20C302/C1-170,30,प्रभाग क्र.३० अ मधील सुलभ शौचालया मध्ये विद्युतविषयक कामे करणे,5,विद्युत,revenue
341,RE20A302/C2-253,31,प्रभाग क्र.३१  मध्ये  शाहु कॅालनी विविध ठिकाणी खचलेले ब्लॅाक दुरुस्ती करणे.,5,पथ,revenue
342,RE20A302/C2-254,31,प्रभाग क्र.३१  मध्ये  शाहु कॅालनी विविध ठिकाणी गल्लीबोळ कॅाक्रीट  करणे.,5,पथ,revenue
343,CE22A547/C4-52,31,प्रभाग क्र.३१  मध्ये बॅड मिंटल हॅाल जावळकर वस्ती येथील सिमा भिंत बांधणे .,5,भवन,capital
344,CE22A547/C4-53,31,प्रभाग क्र.३१  मध्ये योगा हॅाल दत्तदिंगाबर कॅालनी पाण्याची टाकी बांधणे .,5,भवन,capital
345,ZE16B130/C7-62,31,प्र. क्र. ३१ रामनगर वारजे येथे श्रीराम चाक येथे ड्रेनेज लाईन टाकणे,5,मलनिःसारण,capital
346,ZE16B130/C7-63,31,प्र. क्र. ३१ शिवाजी चौक येथे जुन्या ड्रेनेज लाईन बदलुन नविन टाकणे,5,मलनिःसारण,capital
347,ZE16B130/C7-64,31,प्र. क्र. ३१ इंडस्टिअल इंस्टेट वारजे येथे नाला साफसफाई करणे तसेच चेंबर दुरूस्त करणे.,5,मलनिःसारण,capital
348,ZE16B130/C7-65,31,प्र. क्र. ३१ रामनगर गणेशपुरी आहिरे गाव खान वस्ती चेंबर दुरूस्ती करणे व लाईन साफसफाई करणे,5,मलनिःसारण,capital
349,CE20C406/C1-110,31,"प्रभाग क्र.३१  मधील  शाहु कॅालनी , कर्वेनग र स्मशान भुमी परिसरात लाईट व्यवस्था करणे.",5,विद्युत,capital
350,CE20C406/C1-111,31,प्र. क्र. ३१ अहिरे गाव परिसरात प्रकाश व्यवस्था करणे.,5,विद्युत,capital
351,RE14B302/C5-121,32,"प्रभाग क्र. 32 अ मध्ये आकाश मित्रमंडळ, गोसावी वस्ती येथे शौचालय   दुरूस्ती करणे.",5,गवनि,revenue
352,FE14A121/C5-51,32,प्र.क्र. ३२ अ मध्ये गोसावी वस्ती येथे ड्रेनेज लाईन टाकणे.,5,गवनि,capital
353,CE20A1196/C2-117,32,प्र. क्र ३२ ब मधील महालक्ष्मी मंदिर ते मावळे आळी चौक कॅनॉल रस्त्याने पावसाळी लाईन टाकणे.,5,पथ,capital
354,CE20A1196/C2-118,32,प्र.क्र. ३२ ब मधील कर्वेनगर परिसरात गल्लीबोळ कॉक्रीटीकरण करणे,5,पथ,capital
355,CE22A547/C4-54,32,प्र.क्र. ३२ ब मधील सम्राट अशोक शाळा येथे विविध विकास कामे करणे.,5,भवन,capital
356,XE23A302/C7-196,32,प्रभाग क्र. 32 अ ममध्ये हॅप्पी कॉनी गोसावी वस्ती येथे ड्रेनेज  लाईन साफसफार्इ करणे.,5,मलनिःसारण,revenue
357,ZE16B130/C7-66,32,"प्र. क्र. ३२ अ मध्ये मावळे आळी येथे नवजीवन तरूण मंडळाशेजारी ड्रेनेज लाईन टाकुन, कॉक्रीटीकरण करेण",5,मलनिःसारण,capital
358,ZE16B130/C7-67,32,"प्र. क्र. ३२ ब मधील मावळेआळी , कामना वसाहत येथे ड्रेनेज लाईन टाकणे",5,मलनिःसारण,capital
359,CE20C406/C1-112,32,"प्र.क्र. ३२ अ मधील सहवास सोसयाटी, विद्यापीठ सोसायटी , क्षिप्रा सोसायटी येथे प्रकाश व्यवस्था करणे.",5,विद्युत,capital
360,CE20C406/C1-113,32,प्र. क्र. ३२ ब मधील कॅनॉल खाली गल्ली क्र. १ ते १० पर्यत प्रकाश व्यवस्था करणे.,5,विद्युत,capital
361,RE20A302/C2-255,33,प्र. क्र. ३३  अ गणजंय परिसर पेव्हिंग ब्लॉक दुरूस्ती करणे,5,पथ,revenue
362,RE20A302/C2-256,33,प्र. क्र. ३३ अ कोथरूड गावठाण वरची आळी पेव्हिंग ब्लॉक दुरूस्ती करणे.,5,पथ,revenue
363,CE20A1196/C2-119,33,"प्र. क्र.  ३३ अ कोथरूड गावठाण, व इतर ठिकाणी लोखंडी बाके बसविणे.",5,पथ,capital
364,CE20A1196/C2-120,33,प्र. क्र. ३३ अ राहुलनगर ते कर्वेपुतळा चौक येथे रस्त्यालगत पेव्हिंग ब्लॉक बसविणे.,5,पथ,capital
365,CE20A1196/C2-121,33,"प्र. क्र. ३३ डहाणुकर कॉलनी रस्ता क्र. १७, १९ येथे पेव्हिंग ब्लॉक बसविणे.",5,पथ,capital
366,CE20A1196/C2-122,33,प्र. क्र. ३३ डहाणुकर कॉलनी रस्ता क्र. ९  येथे पेव्हिंग ब्लॉक बसविणे.,5,पथ,capital
367,CE20A1196/C2-123,33,"प्र. क्र. ३३ डहाणुकर कॉलनी रस्ता क्र. ५,७  येथे पेव्हिंग ब्लॉक बसविणे.",5,पथ,capital
368,XE23A302/C7-197,33,"प्र. क्र. ३३ अ कोथरूड गावठाण, तेजसनगर, राहुलनगर परिसरात जेटींग व चॅपियन मशिनद्वारे ड्रेनेज लाईन साफसफाई करणे.",5,मलनिःसारण,revenue
369,CE20C406/C1-114,33,प्र. क्र. ३३ ब लक्ष्मीनगर येथे पोल बसवुन प्रकाश व्यवस्था करणे.,5,विद्युत,capital
370,CE20C406/C1-115,33,प्र. क्र. ३३ ब डहाणुकर कॉलनी परिसरात लाईट  व्यवस्था करणे.,5,विद्युत,capital
371,RE20A302/C2-226,34,प्रभाग क्र.३४ मध्ये झाला सोसायटी व विविध ठिकाणी फुटपाथ वरील ब्लॉक बसविणे व दुरूस्त करणे.,3,पथ,revenue
372,RE20A302/C2-227,34,प्रभाग क्र.३४ गुजराथ कॉलनी येथे फुटपाथ दुरूस्ती करणे.,3,पथ,revenue
373,RE20A302/C2-228,34,प्रभाग क्र.३४ मध्ये आयडीयल कॉलनी व विविध ठिकाणी ज्येष्ठ नागरिकांसाठी बसण्यासाठी बाके बसविणे.,3,पथ,revenue
374,CE20A1196/C2-112,34,प्रभाग क्र.३४ भेलकेनगर व गुजरात कॉलनी येथील रस्त्यांवर झेब्रा क्रॉसिंग पट्टे मारणे व ट्रॅफिक विषयक कामे करणे.,4,पथ,capital
375,CE20A1196/C2-113,34,"प्रभाग क्र.३४ मध्ये सिध्दार्थनगर, लक्ष्मीनगर व आयडियल कॉलनी रस्ते डांबरीकरण करणे व  पॅचवर्क करणे.",3,पथ,capital
376,CE20A1196/C2-114,34,प्रभाग क्र.३४ मध्ये आयडीयल कॉलनीमधील मुख्य रस्त्यावर स्पिडब्रेक कर व पी.१ पी २ चे बोर्ड बसविणे.,2,पथ,capital
377,XE23A302/C7-169,34,प्रभाग क्र.३४ मध्ये मयुर कॉलनी रस्त्यावरील पावसाळी लाईन चेंबर दुरूस्त करणे.,3.5,मलनिःसारण,revenue
378,XE23A302/C7-170,34,"प्रभाग क्र.३४ ऋतुपर्णा सोसायटी, महागणेश कॉलनी येथील पावसाळी व ड्रेनेज चेंबर्स दुरूस्ती व साफसफाई करणे.",7.5,मलनिःसारण,revenue
379,XE23A302/C7-171,34,प्रभाग क्र.३४ मध्ये गुजरात कॉलनी येथील पावसाळी चेंबर दुरूस्त करणे.,2,मलनिःसारण,revenue
380,XE23A302/C7-172,34,"प्रभाग क्र.३४ मध्ये  गुरूराज सोसायटी, आयडीयल कॉलनी येथील ड्रेनेज लाईन चेंबर्सची दुरूस्ती व साफसफाई करणे.",7,मलनिःसारण,revenue
381,CE20C406/C1-107,34,प्रभाग क्र.३४ मध्ये कचरा गोळा करण्यासाठी ढकलगाडी पुरविणे.,2,विद्युत,capital
382,CE20C406/C1-108,34,प्र.क्र.३४ मध्ये विद्युत विषयक कामे करणे,5,विद्युत,capital
383,CE20C406/C1-109,34,"प्र.क्र.३४, भूमिगत केबल विषयक कामे करणे",5,विद्युत,capital
384,RE20A302/C2-257,35,"प्र. क्र. ३5, विविध ठिकाणी फुटपाथ दुरूस्ती करणे.",5,पथ,revenue
385,RE20A302/C2-258,35,"प्र. क्र. ३5, प्रभागात विविध ठिकाणी कॅाक्रीट साईडपट्ट्या करणे",5,पथ,revenue
386,RE20A302/C2-259,35,"प्र. क्र. ३5, पुरसग्रस्त वसाहती मध्ये गल्लीबोळ कॅाक्रीट करणे.",4,पथ,revenue
387,CE20A1196/C2-124,35,"प्र. क्र.  ३५, ताथवडे उानासमोरील साईडपट्टया काँक्रीट करणे.",5,पथ,capital
388,CE20A1196/C2-125,35,"प्र. क्र. ३५, गणेशनगर ओटा वसाहत येथील गल्लीबोळ काँक्रीट करणे व पेव्हींग ब्लॉक्स बसविणे.",5,पथ,capital
389,CE20A1196/C2-126,35,"प्र. क्र.  ३५, गणेशनगर येथे फुटपाथ बनविणे.",4,पथ,capital
390,CE22A547/C4-55,35,"प्र. क्र.  ३५, पंडित दिनदयाळ शाळेमध्ये विविध सुधारणा कामे करणे.",5,भवन,capital
391,RE20C302/C1-171,35,"प्र. क्र. ३5, संगमप्रेस जवळ्च्या परिसरातील विद्युत वाहक केबल अंडरग्राऊंड करणे .",5,विद्युत,revenue
392,RE20C302/C1-172,35,"प्र. क्र. ३5, सातचाळ पुरग्रस्त वसाहत परिसरात विद्युत विषयक कामे करणे.",4,विद्युत,revenue
393,CE20C406/C1-116,35,"प्र. क्र.  ३५, पटवर्धनबाग परिसरात प्रकाश व्यवस्था सुधारणे",4,विद्युत,capital
394,CE20C406/C1-117,35,"प्र. क्र.  ३५, एरंडवने पूरग्रस्त वसाहत परिसरात विद्युत विषयक कामे करणे",4,विद्युत,capital
395,RE20A302/C2-242,36,प्र.क्र.३६ मध्ये विविध सिमेंट कॉंक्रीट रस्त्यावर पी१ पी२ बोर्ड बसवणे,2,पथ,revenue
396,RE20A302/C2-243,36,प्र.क्र.३६ एरंडवणा गावठाण येथील अंतर्गत रस्ते डांबरीकरण करणे,5,पथ,revenue
397,RE20A302/C2-244,36,"प्र.३६ मध्ये विविध ठिकाणी फुटपाथ दुरुस्ती करणे. (फत्तेलाल पथ कॉर्नर प्रभात रोड,भांडारकर रोड आयसीआयसीआय बँक कॉर्नर)",2,पथ,revenue
398,RE20A302/C2-245,36,प्र.क्र.३६ मध्ये विविध ठिकाणी ग्राउट कॉंक्रीटीकरण करणे.,5,पथ,revenue
399,RE20A302/C2-246,36,प्र.क्र.३६ मध्येचौकात अपघाती ठिकाणाजवळ वाहतूक विषयक पाट्या कॅटस आय व रेलिंग बसविणे,5,पथ,revenue
400,RE20A302/C2-247,36,प्र.क्र.३६ मध्ये विविध ठिकाणी फुटपाथवर रेलिंग बसविणे,5,पथ,revenue
401,RE20A302/C2-248,36,प्र.क्र.३६ मध्ये मुख्य चौकात अंतर्गत जोड रस्ते फाटे या ठिकाणी ब्लिंकर्स बसविणे,4,पथ,revenue
402,XE23A302/C7-194,36,प्र.क्र.३६ मधिल जाळीची गटारे आहेत.ती रस्त्यांच्या खूप खाली गेली आहेत. ती काढून सिमेंट कॉंक्रीट चे चेंबर्स लेव्हल करून बसविणे ,2,मलनिःसारण,revenue
403,XE23A302/C7-195,36,"प्र.क्र.३६ प्लॉट नं.१४,१५,१६,१७ विविध वस्ती ठिकाणी ड्रेनेज व फरशी सुविधा देणे",5,मलनिःसारण,revenue
404,RE20C302/C1-166,36,प्र.क्र.३६ मधिल दवाखाना व शाळामधील पाण्याचे मोटार व इतर कामांसाठी विद्युत व्यवस्था करणे,2,विद्युत,revenue
405,RE20C302/C1-167,36,प्र.क्र.३६ एरंडवणा भागात विद्युत व्यवस्था करणे,5,विद्युत,revenue
406,RE20C302/C1-168,36,प्र.क्र.३६ मध्ये प्रभात रस्ता भांडारकर रस्ता अंतर्गत सार्वजनिक गल्ल्यांमध्ये प्रकाश व्यवस्था करणे,5,विद्युत,revenue
407,RE20C302/C1-169,36,प्र.क्र.३६ मध्ये अपघाती ठिकाणी हायमास्क बसवून प्रखर प्रकाश व्यवस्था करणे,3,विद्युत,revenue
408,RE14B302/C5-161,37,प्रभाग क्र.37 अ मधील अहिल्यादेवी शाळेजवळील सार्वजनिक मुतारी दुरूस्ती करणे व महिलांसाठी वेगळी मुतारी बांधणे ,3,गवनि,revenue
409,RE20A302/C2-320,37,प्रभाग क्र.37 अ मधील वर्तन उदयानातील जॉगिंग टॅक पूर्णपणे नविन पद्‌धतीचे ब्लॉक बसविणे,3,पथ,revenue
410,RE20A302/C2-321,37,प्रभाग क्र.37 अ मधील प्रभागातील सोसायटीच्या पाटया लावणे व तसेच रस्त्यावरील दिवे व वाडयातील दिवे लावण्याची व्यवस्था करणे.,3,पथ,revenue
411,RE20A302/C2-322,37,प्रभाग क्र.37 अ मधील वर्तकबाग येथील ओपन जिम साहित्य आहे तेथे ब्लॉक बसवणे.,3,पथ,revenue
412,RE20A302/C2-323,37,प्रभाग क्र.37 ब मध्ये वर्तक उदयानामधील व्यायामाच्या साधनाच्या ठिकाणी सिमेंटचे ब्लॉक बसविणे,3,पथ,revenue
413,RE22C302/C4-161,37,प्रभाग क्र.37 अ मधील वर्तक उदयान येथे संपूर्ण नविन ओपन जिम बसविण्यात यावी,3,भवन,revenue
414,RE22C302/C4-162,37,प्रभाग क्र.37 अ मध्ये वर्तक उदयान येथे विविध प्रकारचे प्राणी बसविणे,3,भवन,revenue
415,RE22C302/C4-163,37,प्रभाग क्र.37 अ मधील गाडगीळ शाळेत लिफ्ट बसविणे.,5,भवन,revenue
416,RE22C302/C4-164,37,प्रभाग क्र.37 अ मधील गोगटे शाळा येथील डबलबार सिंगलबार चे साहित्य बदलणे.,3,भवन,revenue
417,RE22C302/C4-165,37,प्रभाग क्र.37 अ मधील न.वि.गाडगीळ शाळा येथील अभ्यासिकेत विविध स्थापत्य विषयक कामे करणे (अटल विकास अभ्यासिका),3,भवन,revenue
418,RE22C302/C4-166,37,प्रभाग क्र.37  अ मधील गाडगीळ शाळा येथे विविध कामे करणे.,3,भवन,revenue
419,RE22C302/C4-167,37,प्रभाग क्र.37 अ मधील नेनेघाट संपूर्ण नविन फिटींग बसविणे,2,भवन,revenue
420,RE22C302/C4-168,37,प्रभाग क्र.37 अ मधील आयडियल शाळा येथे 10 संगणक बसवणे,2,भवन,revenue
421,RE20C302/C1-196,37,प्रभाग क्र.37 अ मधील हसबनिस बखळ मेहुणपुरा राजामाचिकर रस्ता नविन विदयुत फिटींग बसवणे.,5,विद्युत,revenue
422,RE20C302/C1-197,37,प्रभाग क्र.37 अ मधील अहिल्यादेवी हायस्कूल चौक ते शिंदेपार पर्यंत नविन पथदिवे (खांब) उभारणे व दिवे लावणे रस्त्याच्या दोन्ही बाजूला खांब लावणे.,3,विद्युत,revenue
423,RE20C302/C1-198,37,प्रभाग क्र.37 ब मध्ये वर्तक उदयानामध्ये विदयुत प्रकाशाची सोय करणे ,3,विद्युत,revenue
424,RE20A302/C2-324,38,प्रभाग क्र. 38 मध्ये फुटपाथ दुरुस्ती करणे.,5,पथ,revenue
425,RE20A302/C2-325,38,प्रभाग क्र. 38 मध्ये कसबा पेठ परिसरात डांबरीकरण करणे.,5,पथ,revenue
426,RE20A302/C2-326,38,प्रभाग क्र. 38 मधील शिंपी आळी परिसरात डांबरीकरण करणे.,5,पथ,revenue
427,RE20A302/C2-327,38,प्रभाग क्र. 38 मध्ये लोणार आळी व रविवार पेठ परिसर येथे कॉंक्रीट करणे.,5,पथ,revenue
428,RE20A302/C2-328,38,प्रभाग क्र. 38 मध्ये विविध ठिकाणचा राडारोडा उचलणे.,2,पथ,revenue
429,XE12B302/C6-65,38,प्रभाग क्र. 38 मध्ये पाणीपुरवठा सुरळीत करणे.,5,पाणीपुरवठा,revenue
430,RE22C302/C4-169,38,प्रभाग क्र. 38 मधील नानावाडा हौद दुरुस्ती करणे.,5,भवन,revenue
431,RE22C302/C4-170,38,प्रभाग क्र. 38 मधील घरांक 825 रविवार पेठ येथील अभ्यासिकेमध्ये दुरुस्ती करणे.,5,भवन,revenue
432,XE23A302/C7-256,38,प्रभाग क्र. 38 मध्ये चांभार आळी शेजारी नाल्यातील गाळ काढणे.,5,मलनिःसारण,revenue
433,XE23A302/C7-257,38,प्रभाग क्र. 38 मध्ये गणेश पेठ येथील ड्रेनेज दुरुस्तीची कामे करणे.,5,मलनिःसारण,revenue
434,RE20C302/C1-199,38,प्रभाग क्र. 38 मध्ये विद्युतविषयक कामे करणे.,3,विद्युत,revenue
435,RE14B302/C5-141,39,सोमवार पेठ घरांक १३० येथील सार्वजनिक मुतारी दुरूस्त करणे,4,गवनि,revenue
436,RE20A302/C2-307,39,"प्र.क्र 39, ७१४ नाना पेठ येथे संपूर्ण परिसर फरशी बसविणे",5,पथ,revenue
437,RE20A302/C2-308,39,प्र.क्र 39 परिसरात विविध ठिकाणी कॉक्रीट करणे,5,पथ,revenue
438,RE20A302/C2-309,39,प्र.क्र 39 घर क्र २३८ ते २४० सोमवार पेठ रोड सिमेंट कॉक्रीट करणे,3,पथ,revenue
439,RE20A302/C2-310,39,प्र.क्र 39 प्रभागात ठिकठिकाणी पदपथ करणे,5,पथ,revenue
440,RE20A302/C2-311,39,"सोमवार पेठ, १५ ऑगस्ट चौक ते नरपतगीरी चौक रस्त्याच्या दुतर्फा नागरीकांना चालण्याकरता फुटपाथ दुररूस्त करणे व स्टीलचे बोलार्ड बसविणे",3,पथ,revenue
441,XE12B302/C6-61,39,७०३ नाना पेठ ५५० नानापेठ सत्तारचाळ तसेच ७१५ नाना पेठ चाँद तारा मस्जिद समोर या भागात टॉयलेट वरील पाण्ण्याचा टाक्या बसविणे व संपूर्ण पाण्याचे नळ नविन बसविणे,4,पाणीपुरवठा,revenue
442,RE22C302/C4-155,39,"गणेश पेठ, ढीपसे बोळ, दुधभटृटी अल्पना टॉकीज समोर भाग, कचरा उचलण्यासाठी ढकलगाडी खरेदी करणे",3,भवन,revenue
443,XE23A302/C7-233,39,आझाद आळी ते गणपती मंदिरामागील सोसायटी तसेच मारूती मंदिर सोसायटी परिसर येथे ड्रेनेज लाईन टाकणे,5,मलनिःसारण,revenue
444,XE23A302/C7-234,39,"२२३,२२४,२२८ सोमवार पेठ या मिळकीतीच्या पाठीमागील पुणे म.न.पा च्या ताब्यात असलेल्या हद्‌दीमधील ड्रेनेज लाईन बदलणे",5,मलनिःसारण,revenue
445,RE20C302/C1-185,39,"रास्तापेठ रोडा, ५६१ नानापेठ,५५० नानापेठ,७१४ नानापेठ, ७०३ नानापेठ, ३१३ गणेश पेठ, इत्यादी परीसरात विदयुत विषयक कामे करणे",4,विद्युत,revenue
446,RE20C302/C1-186,39,दारू वाला पूल ते रास्तेवाडा चौक येथील रस्त्यावरील दिवे प्रकाशित करणे,4,विद्युत,revenue
447,RE14B302/C5-134,40,प्रभाग क्र.४० मध्ये २५१ श्रमिक नगर येथील शौचालय दुरूस्त करणे.,5,गवनि,revenue
448,RE14B302/C5-135,40,प्रभाग क्र.४० मध्ये तुकाराम शेठ शिंदे वाहनतळा खालील सुलभ शौचालयाची दुरूस्ती करणे व रंगरंगोटी करणे.,5,गवनि,revenue
449,RE20A302/C2-270,40,प्रभाग क्र.४० मध्ये पेन्शनवाला मस्जीद ते ऑर्नेला स्कुल फुटपाथ दुरूस्त करणे.,5,पथ,revenue
450,RE20A302/C2-271,40,प्रभाग क्र.४० मध्ये गृहलक्ष्मी सोसायटी समोरील बाजूस फुटपाथ दुरूस्ती करणे.,5,पथ,revenue
451,RE20A302/C2-272,40,प्रभाग क्र.४० मध्ये शाहू उदयान येथे ज्येष्ठ नागरिकांसाठी स्टीलचे बाके बसविणे.,5,पथ,revenue
452,RE20A302/C2-273,40,प्रभाग क्र.४० मध्ये मालधक्का चौक ते कॅफे कॅनडा फुटपाथ दुरूस्त करणे.,5,पथ,revenue
453,RE20A302/C2-274,40,प्रभाग क्र.४० मध्ये डच पॅलेस ते ब्र्रम्हा क्लासिक पर्यंत नवीन लॅकर फिनिशींग फुटपाथ करणे.,5,पथ,revenue
454,RE22C302/C4-141,40,प्रभाग क्र.४० मध्ये शाहु उदयान येथे लहान मुलांसाठी विविध आकर्षक खेळणी बसविणे.,5,भवन,revenue
455,RE20C302/C1-177,40,प्रभाग क्र.४० मध्ये नरपतगिरी चौक ते एस व्ही युनियान शाळेपर्यंत नव्याने विदयुत पोल उभारणे.,5,विद्युत,revenue
456,RE20C302/C1-178,40,प्रभाग क्र.४० मध्ये कमिश्नर ऑफिस ते फोटो झिंको विदयुत रोषणाई करणे.,5,विद्युत,revenue
457,RE20A302/C2-421,41,भारत फोर्ज व रेल्वे लाईन बाजूच्या रस्त्यावर पेव्हींग ब्लॉक बसविणे,4,पथ,revenue
458,RE20A302/C2-422,41,कृष्णाई नगर परिसरात ब्लॉक काँक्रिटची कामे करणे,4,पथ,revenue
459,RE20A302/C2-423,41,प्रकाश कॉम्प्लेक्स येथे काँक्रिटीकरण करणे,5,पथ,revenue
460,RE20A302/C2-424,41,ढोले वस्ती व घोरपडी परिसरात काँक्रिटीकरण करणे,5,पथ,revenue
461,CE20A1196/C2-160,41,भिमनगर परिसरात रस्त्यावर व कॅनोलवर संरक्षक जाळी बसविणे,2,पथ,capital
462,XE12B302/C6-72,41,भिमनगर परिसरात पाण्याच्या मोटार व होतपंपांची दुरूस्ती व आवश्यकतेनुसार नविन लाईन बसविणे,4,पाणीपुरवठा,revenue
463,ZE16A117/C6-23,41,स.नं.२८ व २६ जांभूळकर मळा येथे नवीन निर्माण होत असलेल्या उानास पश्चिम बाजुस गेट तयार करून मिळणेबाबत,3,पाणीपुरवठा,capital
464,CE22A547/C4-89,41,भारत फोर्ज समोरील उानात पाण्याची सोय करणे (टाकी बांधणे),2,भवन,capital
465,CE22A547/C4-90,41,कल्याणी स्टील समोर उान शेजारी मुतारी बांधणे,5,भवन,capital
466,CE22A547/C4-91,41,बालाजीनगर शौचालयाच्या बाजूला कचरा टाकुन परिसर घाण झाला आहे परिसरात संरक्षक भिंत व फिनिशींग करणे,2,भवन,capital
467,XE23A302/C7-303,41,भिमनगर परिसरात गल्लीबोळ काँक्रिट व ड्रेनेज करणे,4,मलनिःसारण,revenue
468,XE23A302/C7-304,41,पंचशील नगर येथे विविध ठिकाणी ड्रेनेज लाईन बदलणे व चेंबर्स बांधणे,4,मलनिःसारण,revenue
469,RE20C302/C1-229,41,पंचशील नगर येथे विविध ठिकाणी पथदिप खांब उभारणे,4,विद्युत,revenue
470,RE20C302/C1-230,41,प्रभागातील सार्वजनिक शौचालय व परिसरात लाईट व्यवस्था करणे,2,विद्युत,revenue
471,RE14B302/C5-175,42,मार्कंडेय नगर येथे ब्लॉक दुरुस्त करणे व कॉँक्रिट करणे.,5,गवनि,revenue
472,RE14B302/C5-176,42,"गोसावी वस्ती, वैदुवाडी येथील चेंबर दुरूस्ती व प्लास्टर करणे.",5,गवनि,revenue
473,RE14B302/C5-177,42,"महात्मा फुले, खजुरे वस्ती येथील ब्लॉक दुरुस्त करणे व ड्रेनेज लार्इन टाकणे.",5,गवनि,revenue
474,RE14B302/C5-178,42,गोसावी वस्ती मनपा शाळेमध्ये रंगरंगोटीची कामे करणे.,5,गवनि,revenue
475,CE20A1196/C2-134,42,ससाणे नगर गल्ली क्र. ८-९ मध्ये पेव्हिंग ब्लॉक बसवणे.,5,पथ,capital
476,CE20A1196/C2-135,42,वैदुवाडी पेट्रोल पंप फुटपाथ तयार करणे. ,5,पथ,capital
477,RE22C302/C4-182,42,डांगमाळी मळा क्रिडा संकुल येथे लहान मुलांसाठी खेळणी बसविणे.,5,भवन,revenue
478,CE22A547/C4-60,42,हडपसर शाळा क्र. ३२ येथे सिव्हिल विषयक कामे करणे. ,5,भवन,capital
479,CE22A547/C4-61,42,हडपसर गाव कॅनॉलवर संरक्षक लोखंडी जाळी बसवणे.,5,भवन,capital
480,CE20C406/C1-128,42,हडपसर गाव शिंपी आळी येथे अंडर ग्राऊंड केबल टाकणे.,5,विद्युत,capital
481,RE20A302/C2-393,43,लक्ष्मी कॉलनी येथे पेव्हिंग ब्लॉक बसविणे,5,पथ,revenue
482,CE20A1196/C2-136,43,पत्रा चाळ येथे कॉंक्रीट करणे व पाय-या बसविणे,5,पथ,capital
483,CE20A1196/C2-137,43,इंद्रप्रस्थ आकाशवाणी परीसरात डांबरीकरण करणे,5,पथ,capital
484,CE20A1196/C2-138,43,१५ नं परीसरात कॉंक्रीट करणे,5,पथ,capital
485,CE22A547/C4-62,43,म्हसोबा मंदिर येथे लेंडी नाल्यावर रिटेनिंग वॉल बांधणे,5,भवन,capital
486,CE22A547/C4-63,43,माळवाडी मगरपटटा पुला जवळील ओढया लगत रिटेनिंग वॉल बांधणे,5,भवन,capital
487,CE22A547/C4-64,43,अमरसृष्टी येथे कॅनॉललगत संरक्षक जाळी बसविणे,5,भवन,capital
488,XE23A302/C7-293,43,ओरीयंट पार्क परीसर जुनी ६ इंची ड्रेनेज लार्इन बदलून १२ इंची करणे.,5,मलनिःसारण,revenue
489,ZE16B130/C7-69,43,पत्रा चाळ माळवाडी येथे अंतर्गत ड्रेनेज लार्इन टाकणे,5,मलनिःसारण,capital
490,ZE16B130/C7-70,43,जिजामाता वसाहत येथे ड्रेनेज लार्इन टाकणे,5,मलनिःसारण,capital
491,RE20A302/C2-394,44,सर्व्हे नं. १६ मध्ये इंटर लॉकींग ब्लॉक बसवणे.,5,पथ,revenue
492,RE20A302/C2-395,44,सर्व्हे नं. १८ मध्ये इंटर लॉकींग ब्लॉक बसवणे.,5,पथ,revenue
493,CE20A1196/C2-139,44,"सर्व्हे नं. २६१/१,२,३ कै. आप्पासाहेब बडदे उद्यानाला जाणारा रस्ता कॉँक्रिट रोड करणे.",5,पथ,capital
494,RE22C302/C4-183,44,हेमंत करकरे उद्यानात विविध कामे करणे. ,5,भवन,revenue
495,XE23A302/C7-294,44,साईनाथ वसाहत येथे ड्रेनेज लार्इन टाकणे ,5,मलनिःसारण,revenue
496,ZE16B130/C7-71,44,सर्व्हे नं. १३ व १८ मध्ये ड्रेनेज लाईन टाकणे.,5,मलनिःसारण,capital
497,RE20C302/C1-214,44,सर्व्हे नं. १५/ब दक्षिणमुखी हनुमान मंदिराजवळ हायमास्ट बसवणे.,5,विद्युत,revenue
498,RE20C302/C1-215,44,"सासवड रोड, गाडीतळ चौक व ससाणेनगर येथे संचलनदीप बसविणे.",5,विद्युत,revenue
499,RE20C302/C1-216,44,कै. आप्पासाहेब बडदे उद्यानामध्ये पथ दिवे बसवणे.,5,विद्युत,revenue
500,CE20C406/C1-129,44,वेताळ वसाहत येथे धोकादायक पोल काढणे. ,5,विद्युत,capital
501,RE20A302/C2-396,45,सय्यद नगर बाळू कुदळे यांच्या घरासमोर ब्लॉक बसविणे ,5,पथ,revenue
502,CE20A1196/C2-140,45,सय्यद नगर ५ अ येथे रस्ता करणे ,5,पथ,capital
503,CE20A1196/C2-141,45,सय्यद नगर ४ अ येथे रस्ता करणे ,5,पथ,capital
504,CE20A1196/C2-142,45,स.नं.५० काळेपडळ येथे रस्ता कॉक्रिटीकरण व ब्लॉक बसविणे ,5,पथ,capital
505,ZE16A117/C6-21,45,स.नं. ९४ मध्ये पिण्याची पाण्याची लाइन टाकणे ,5,पाणीपुरवठा,capital
506,RE20C302/C1-217,45,सातवनगर परिसरात प्रकाश व्यवस्था करणे ,5,विद्युत,revenue
507,RE20C302/C1-218,45,स.नं.५० काळेपडळ येथे एल.ई.डी. फिटिंग बसविणे ,5,विद्युत,revenue
508,CE20C406/C1-130,45,कृष्णानगर येथे भूमिगत केबल टाकणे ,5,विद्युत,capital
509,CE20C406/C1-131,45,ससाणेवस्ती येथे भूमिगत केबल टाकणे ,5,विद्युत,capital
510,CE20C406/C1-132,45,जाधवमळा येथे भूमिगत केबल टाकणे ,5,विद्युत,capital
511,RE14B302/C5-181,46,"स.नं.११०, रामटेकडी येथे सुलभ शौचालय दुरूस्ती करणे",4,गवनि,revenue
512,RE14B302/C5-182,46,सार्वजनिक शौचालय वानवडी परिसरातील सुलभ शौचालय व मुतारी दुरूस्त करणे,5,गवनि,revenue
513,RE20A302/C2-425,46,"स.नं.११०, रामटेकडी येथे गल्लीबोळ काँक्रिट करणे",4,पथ,revenue
514,RE20A302/C2-426,46,"स.नं.११०, रामटेकडी येथे डांबरीकरण करणे",5,पथ,revenue
515,RE20A302/C2-427,46,होले वस्ती या ठिकाणी साईड पट्टी सिमेंट काँक्रिट करणे,5,पथ,revenue
516,RE20A302/C2-428,46,वानवडी गावठाण मध्ये गल्ली बोळ सिमेंट काँक्रिट करणे,5,पथ,revenue
517,CE20A1196/C2-161,46,वानवडी गाव अपंग शाळेमागील बाजूस फुटपाथ करणे,5,पथ,capital
518,XE12B302/C6-73,46,"स.नं.११० रामटेकडी येथे पाण्याची १, १.५, १ इंची लाईन टाकणे",4,पाणीपुरवठा,revenue
519,RE22C302/C4-187,46,वानवडी ख्रिश्चन दफनभूमीमध्ये सुधारणा कामे करणे,5,भवन,revenue
520,XE23A302/C7-305,46,स.नं.११० रामटेकडी येथे ड्रेनेज लाईन टाकणे व चेंबर दुरूस्ती करणे,5,मलनिःसारण,revenue
521,CE20C406/C1-139,46,सार्वजनिक शौचालयामध्ये प्रकाश व्यवस्था करणे (ट्रीपल मध्ये),3,विद्युत,capital
522,RE14B302/C5-142,47,"८३० भवानीपेठ, येथील शौचालय दुरस्त करणे",5,गवनि,revenue
523,RE14B302/C5-143,47,प्र.क्र 47 सोनवणे वसाहतीत शौचालय दुरूस्त करणे,4,गवनि,revenue
524,RE14B302/C5-144,47,"रास्ते मांगवाडा,लक्ष्मी मातेसमोरील शौचालय दुरूस्त करणे",5,गवनि,revenue
525,RE14B302/C5-145,47,"भोर्डेआळी, येथील सार्वजनिक सुलभ शौचालय दरूस्त करणे",5,गवनि,revenue
526,RE22C302/C4-156,47,प्र.क्र 47 मनपा वसाहत क्र १२ मध्ये विविध दरूस्तीची कामे करणे,5,भवन,revenue
527,XE23A302/C7-235,47,प्र.क्र 47 ८१७/१८ येथे ड्रेनेज लाईन टाकणे,2,मलनिःसारण,revenue
528,XE23A302/C7-236,47,७१७ चुडामन तालीम मदिना हॉटेलच्या मागे सार्वजनिक शौचालयाची दुरूस्ती करणे,4,मलनिःसारण,revenue
529,XE23A302/C7-237,47,७१७ चुडामन तालीम परिसरात नवीन ड्रेनेज लाईन टाकणे,4,मलनिःसारण,revenue
530,XE23A302/C7-238,47,हरकानगर परीसरातील ड्रेनेज लाईन मधला गाळ काढणे,3,मलनिःसारण,revenue
531,XE23A302/C7-239,47,हरकानगर या ठिकाणी नवीन ड्रेनेज लाईन टाकणे,5,मलनिःसारण,revenue
532,XE23A302/C7-240,47,"१०५३ न्यु नानापेठ, या परीसरात ड्रेनेज लाईन दुरूस्तीकरण करणे",4,मलनिःसारण,revenue
533,RE20C302/C1-187,47,पदमजी पार्क यथील पदपथावर दिवे बसविणे.,4,विद्युत,revenue
534,RE14B302/C5-146,48,प्र.क्र ४८ मधील नाडेगल्ली पालखी चौक येथे शौचालयाची दुरूस्ती करणे,3,गवनि,revenue
535,RE20A302/C2-312,48,प्र.क्र ४८ मधील दिशा दर्शक बोर्ड लावणे,3,पथ,revenue
536,RE20A302/C2-313,48,प्र.क्र ४८ मधील कुंभार बोळ डोकेतालीम येथील कॉक्रीट करणे,5,पथ,revenue
537,RE20A302/C2-314,48,प्र.क्र ४८ मध्ये रस्त्यावर थर्मोप्लास्टीक पेंट मारणे,5,पथ,revenue
538,XE12B302/C6-62,48,प्र.क्र ४८ मध्ये नानापेठ भवानीपेठ गणेशपेठ पाण्याची लाईन टाकणे,5,पाणीपुरवठा,revenue
539,RE22C302/C4-157,48,प्र.क्र ४८ मधील २३ नानापेठ येथील समाज मंदिराचे काम करणे,5,भवन,revenue
540,RE22C302/C4-158,48,प्र.क्र ४८ मधील महाराणा प्रताप व शाळा मध्ये फरशी बसविणे व फर्निचर कामे करणे व हौदाची कामे करणे,3,भवन,revenue
541,XE23A302/C7-241,48,प्र.क्र ४८ मधील डोके तालीम भाजीमंडई परिसरात पावसाळी लाईन ड्रेनेज लाईन साफसफाई करणे,3,मलनिःसारण,revenue
542,XE23A302/C7-242,48,प्र.क्र ४८ मधील अल्पना टॉकीज येथे नाला साफसफाई करणे,5,मलनिःसारण,revenue
543,XE23A302/C7-243,48,प्र.क्र ४८ मधील मेनकर वाडा ढोरगल्ली ड्रेनेज लाईन टाकणे व चेंबर दुरूस्ती करणे,5,मलनिःसारण,revenue
544,XE23A302/C7-244,48,"प्र.क्र ४८ मधील भंडारबोळ साखळीपीर तालीम ड्रेनेज लाईन टाकणे, चेंबर दुरूस्ती करणे",5,मलनिःसारण,revenue
545,RE20C302/C1-188,48,"प्र.क्र ४८ पांगुळ आळी,किराड हौद नाडेगल्ली, विदयुत विषयक कामे करणे",3,विद्युत,revenue
546,RE14B302/C5-162,49,प्रभाग क्र. 49 मध्ये सार्वजनिक् शौचालये मुता-या दुरुस्ती करणे.,5,गवनि,revenue
547,RE20A302/C2-329,49,प्रभाग क्र. 49 मध्ये विविध ठिकाणी डांबरीकरण करणे.,5,पथ,revenue
548,RE20A302/C2-330,49,प्रभाग क्र. 49 मध्ये थर्मोप्लास्टीक पेंट मारणे.,2,पथ,revenue
549,RE20A302/C2-331,49,प्रभाग क्र. 49 पंचमुखी मारुती मंदिर ते जैन मंदिर रस्ता डांबरीकरण करणे.,5,पथ,revenue
550,RE20A302/C2-332,49,प्रभाग क्र. 49 मध्ये वाहतूक विषयक कामे करणे.,3,पथ,revenue
551,RE20A302/C2-333,49,प्रभाग क्र. 49 मध्ये रविवार पेठ परिसरातील रस्ते दुरुस्ती करणे.,5,पथ,revenue
552,RE20A302/C2-334,49,प्रभाग क्र. 49 मध्ये गोटीराम भैय्या काची चौक ते रांका ज्वेलर्स हा रस्ता डांबरीकरण करणे.,5,पथ,revenue
553,XE12B302/C6-66,49,प्रभाग क्र. 49 गुरुवार पेठ कृष्णहट्टी चौक फुलवाला चौक येथे पाण्याची लाईन बलवार आळी येथील लाईनशी जोडणे.,5,पाणीपुरवठा,revenue
554,XE12B302/C6-67,49,प्रभाग क्र. 49 मध्ये नळकोंडाळ्याची दुरुस्ती करणे.,5,पाणीपुरवठा,revenue
555,RE22C302/C4-171,49,प्रभाग क्र. 49 मध्ये म.न.पा शाळेची दुरुस्ती करणे.,5,भवन,revenue
556,XE23A302/C7-258,49,प्रभाग क्र. 49 मध्ये पावसाचे पाण्याचा निचरा करणेसाठी उपाययोजना करणे.,5,मलनिःसारण,revenue
557,RE20A302/C2-335,50,प्रभाग क्र.50 मध्ये प्रभागात होत असलेला अनावश्यक राडारोडा उचलणे.,5,पथ,revenue
558,RE20A302/C2-336,50,प्रभाग क्र.50 अ मधील तुळशीबाग परिसरातील रस्ते दुरूस्त करणे.,5,पथ,revenue
559,RE20A302/C2-337,50,प्रभाग क्र.50 अ मधील प्रभागातील मुख्य रस्त्यावर वाहतुकी विषयक पांढरे पट्‌टे मारणे,5,पथ,revenue
560,RE20A302/C2-338,50,प्रभाग क्र.50 मध्ये महाराणा प्रताप उदयानाबाहेरील फुटपाथ दुरूस्त करणे.,5,पथ,revenue
561,RE20A302/C2-339,50,प्रभाग क्र.50 मध्ये सदाशिव पेठ भागातील मुख्य रस्त्यावर व गल्ली बोळातील रस्त्यावर सार्इडपट्‌टी करणे.,5,पथ,revenue
562,RE20A302/C2-340,50,"प्रभाग क्र.50 मध्ये शुक्रवार पेठ व सदाशिव पेठ भागात पी1, पी2 तसेच दिशादर्शक फलक बसविणे.",5,पथ,revenue
563,RE22C302/C4-172,50,प्रभाग क्र.50 अ मधील मंडर्इतील गाळे दुरूस्त करणे.,5,भवन,revenue
564,XE23A302/C7-259,50,प्रभाग क्र.50 मध्ये मंडर्इमधील ड्रेनेज लार्इन दुरूस्त करणे.,5,मलनिःसारण,revenue
565,XE23A302/C7-260,50,प्रभाग क्र.50 मध्ये सदाशिव पेठ परिसरातील पावसाळी व ड्रेनेजचे चेंबर्स समपातळीत उचलणे.,5,मलनिःसारण,revenue
566,XE23A302/C7-261,50,प्रभाग क्र.50 मध्ये शुक्रवार पेठ भागातील ड्रेनेज व पावसाळी चेंबर्स समपातळीत घेणे.,5,मलनिःसारण,revenue
567,RE20A302/C2-341,51,प्रभाग क्र.51 भाग्यश्री सोसायटी येथे डांबरीकरण करणे.,3,पथ,revenue
568,RE20A302/C2-342,51,प्रभाग क्र.51 निललायम टॉकीज समोरील फुटपाथ करणे.,5,पथ,revenue
569,RE20A302/C2-343,51,प्रभाग क्र.51 ज्ञानल मंगल कार्यालय रस्ता डांबरीकरण करणे.,5,पथ,revenue
570,RE22C302/C4-173,51,"प्रभाग क्र.51 मधील अंबिल ओढा कॉलनी इमारत क्र.1 ते 11 दारे, खिडक्या, डाउनटेक पार्इप बदलणे व रंगरंगोटी करणे",5,भवन,revenue
571,RE22C302/C4-174,51,प्रभाग क्र.51 आंबिल ओढा कॉलनी पुरग्रस्त चाळ स्थापत्य विषयक कामे करणे.,5,भवन,revenue
572,XE23A302/C7-262,51,"प्रभाग क्र.51 मधील टिळक रोड, बॅंक ऑफ महाराष्ट्र लगतच्या गल्लीत ड्रेनेज लार्इन टकाणे",4,मलनिःसारण,revenue
573,XE23A302/C7-263,51,प्रभाग क्र.51 मधील लक्ष्मीनारायण टॉवर येथील ड्रेनेज लार्इन बदलणे.,3,मलनिःसारण,revenue
574,XE23A302/C7-264,51,"प्रभाग क्र.51 मधील पेशवे पथ, वाघजार्इ माता मंदिर ते अंबिल ओढा कॉलनी गेट पावसाळी लार्इन टाकणे.",5,मलनिःसारण,revenue
575,XE23A302/C7-265,51,प्रभाग क्र.51 निलायम थिएटर रस्ता स्नेहनगर लगत पावसाळी लार्इन टाकणे.,5,मलनिःसारण,revenue
576,XE23A302/C7-266,51,प्रभाग क्र.51 छत्रपती शिवाजी उद्यानालगतच्या रस्त्यावर पावसाळी लाईन टाकणे.,5,मलनिःसारण,revenue
577,RE20C302/C1-200,51,"प्रभाग क्र.51 स.नं. 214, 133 येथील सार्वजनिक शौचालयामध्ये विद्युत विषयक कामे करणे",5,विद्युत,revenue
578,RE14B302/C5-163,52,प्रभाग क्र.५२ मधील परिसरातील शौचालयाची दुरूस्ती करणे व तद्‌नुषंगिक कामे करणे.,3,गवनि,revenue
579,RE14B302/C5-164,52,प्रभाग क्र.५२ मधील गुरूदत्त वसाहत व परिसरात काँक्रीटीकरण व फरश्या बसविणे,3,गवनि,revenue
580,RE14B302/C5-165,52,प्र.क्र.५२ मध्ये शौचालयाची दुरूस्ती करणे,5,गवनि,revenue
581,RE20A302/C2-349,52,प्रभाग क्र.५२ मधील परिसरात फुटपाथ दुरूस्ती व ब्लॉक बसविणे,3,पथ,revenue
582,RE20A302/C2-350,52,प्रभाग क्र.५२ दत्तवाडी मधील परिसरात दिशादर्शक फलक लावणे,3,पथ,revenue
583,XE12B302/C6-68,52,प्र.क्र.५२ मधील पाण्याची लाईन बदलणे,2,पाणीपुरवठा,revenue
584,RE22C302/C4-175,52,प्र.क्र.५२ मध्ये दांडेकर पुल परिसरातील समाज मंदिराची दुरूस्ती करणे,5,भवन,revenue
585,XE23A302/C7-270,52,प्रभाग क्र.५२ मध्ये विविध ठिकाणी ड्रेनेज लाईन टाकणे.,4,मलनिःसारण,revenue
586,XE23A302/C7-271,52,प्रभाग क्र.५२ मध्ये घर नं.५०४ ते ५०८ पर्यंत ड्रेनेज लाईन बदलणे,3,मलनिःसारण,revenue
587,XE23A302/C7-272,52,प्र.क्र.५२ मध्ये दांडेकर पुल परिसरात ड्रेनेज लाईन टाकणे,5,मलनिःसारण,revenue
588,RE20C302/C1-203,52,प्रभाग क्र.५२ मधील भंडारी हॉटेल ते लडकतवाडी येथील वायरींग अंडरग्राऊंड करणे,4,विद्युत,revenue
589,RE20C302/C1-204,52,प्रभाग क्र.५२ स.नं.१२९/५७९ येथे लाइटचे पोल उभे करणे.,2,विद्युत,revenue
590,RE20C302/C1-205,52,प्रभाग क्र.५२ मध्ये विुत विषयक कामे व प्रकाश व्यवस्थेत सुधारणा करणे,3,विद्युत,revenue
591,RE20C302/C1-206,52,प्र.क्र.५२ मध्ये गल्ली बाळात पथदिवे बसविणे,5,विद्युत,revenue
592,RE14B302/C5-166,53,प्रभाग क्र. ५३ मध्ये स.नं.२/३ येथील कॅनॉल जवळील रोडवर महिलांसाठी सुलभ शौचालय बांधणे,5,गवनि,revenue
593,RE20A302/C2-351,53,"प्र.क्र.५३, स.नं.१४/१५, विठ्ठल नगर कॉलनी, गुरूदत्त मिल ते सोळस्कर यांच्या घरापर्यंत ट्रीमिक्स कॉक्रीट रस्ता करणे",5,पथ,revenue
594,RE20A302/C2-352,53,प्रभाग क्र. ५३ मध्ये साईनगर मध्ये बिल्डींगमुळे रस्त्यामध्ये चालण्यास अडथळा होत आहे तरी पेव्हींग ब्लॉक्स बसविणे,5,पथ,revenue
595,RE20A302/C2-353,53,प्रभाग क्र. ५३ मध्ये महालक्ष्मी सोसायटी ते ओढ्यापर्यंत परिसरात कॉक्रीटीकरण करणे,5,पथ,revenue
596,RE20A302/C2-354,53,प्रभाग क्र. ५३ मध्ये आनंद मारूती मंदिर ते शशितारा विहार परिसरात साईडपट्टी करणे,5,पथ,revenue
597,RE20A302/C2-355,53,प्रभाग क्र.५३ साईनगर परिसरामध्ये काँक्रीटीकरण करणे.,5,पथ,revenue
598,RE22C302/C4-176,53,प्रभाग क्र.५३ मध्ये जेष्ठ नागरिकांसाठी बसण्यासाठी सोय करणे.,2,भवन,revenue
599,XE23A302/C7-273,53,"प्रभाग क्र.५३ मध्ये स.नं.१४/१५, विठ्ठल नगर कॉलनी, गुरूदत्त मिल ते कुकडे  यांच्या घरापर्यंत जुनी ड्रेनेज लाईन काढून नवीन मोठ्या व्यासाची ड्रेनेज लाईन टाकणे",5,मलनिःसारण,revenue
600,XE23A302/C7-274,53,प्रभाग क्र. ५३ मध्ये साईनगर येथील देशमुख प्लाझा मागे ड्रेनेज लाईन बदलणे,3,मलनिःसारण,revenue
601,RE20C302/C1-207,53,हिंगणे खुर्द व आनंदनगर परिसरात विुत विषयक कामे करणे,5,विद्युत,revenue
602,RE20C302/C1-208,53,आनंद विहार मतीमंद शाळेपासून ते राऊत बिल्डींग पर्यंत दिवे बसविणे,5,विद्युत,revenue
603,RE20A302/C2-356,54,एकतानगरी येथे अपुर्ण (डांबरीकरण) रस्ता पुर्ण करणे,5,पथ,revenue
604,RE20A302/C2-357,54,भारती बँक शेजारील रोड पेव्हर करणे,5,पथ,revenue
605,RE20A302/C2-358,54,लेन बी/२६ जीवन दिप शेजारील रस्ता पेव्हर करणे,5,पथ,revenue
606,RE20A302/C2-359,54,दळवी वाडी परिसरात प्रत्येक गल्लीस लेन नंबर देऊन माहिती बोर्ड बसविणे,5,पथ,revenue
607,RE20A302/C2-360,54,अग्रिशामक दल केंद्राच्या मागील तारकेश्वर सोसायटी गल्लीत रस्ता करणे,5,पथ,revenue
608,RE20A302/C2-361,54,साईगगन पॅलेस नर्‍हेरोड येथे साईडपट्टया कॉक्रीटीकरण करणे,5,पथ,revenue
609,RE20A302/C2-362,54,स्वीट मॉल शेजारील रस्ता डांबरीकरण करणे,5,पथ,revenue
610,RE20C302/C1-209,54,पोकळे एम्पायर लेन ला एल ई डी फिटींग बसविणे/पोल बसविणे.,5,विद्युत,revenue
611,RE20C302/C1-210,54,दळवी वाडी येथे विविध ठिकाणी एल ई डी फिटींग बसविणे/ पोल बसविणे.,5,विद्युत,revenue
612,RE20C302/C1-211,54,शिवसागर सिटी ते खाडे गिरणी पर्यंत १५० वॅट एल ई डी बसविणे,5,विद्युत,revenue
613,RE20A302/C2-363,55,"प्रभाग क्र.५५ पठार वस्ती पासलकर यांचे घर ते जाधवर,कदम यांचे घर रस्ता पेव्हर करणे.",5,पथ,revenue
614,RE20A302/C2-364,55,प्रभाग क्र.५५ तुकाईनगर गल्ली बोळ यु.टी.डब्ल्यु.टी कॉक्रीट करणे,5,पथ,revenue
615,RE20A302/C2-365,55,निवृत्तीनगर मधील पवळे चाळ ते निवंगुणे यांचे घरापर्यंत रस्ता ट्रिमिक्स करणे.,5,पथ,revenue
616,RE20A302/C2-366,55,काकडे यांचे घर ते कोकाटे यांचे घरापर्यंत रस्ता ट्रिमिक्स करणे.,5,पथ,revenue
617,RE20A302/C2-367,55,पठारवस्ती गोरे यांचे बिल्डींग ते पासकर बिल्डींग रस्ता ग्राऊट करणे,5,पथ,revenue
618,RE20A302/C2-368,55,निवृत्तीनगर पासलकर यांचे घर ते पायगुडे रस्ता चाळ ट्रिमिक्स काँक्रीट  करणे.,5,पथ,revenue
619,RE22C302/C4-177,55,वडगांव बु. टेलनाका येथे बसशेड उभे करणे  व सुधारणा करणे.,5,भवन,revenue
620,RE22C302/C4-178,55,वडगांव बु पोस्ट ऑ.गल्ली ते रेणुकानगरी पर्यंत नाल्याच्या कडेने आरसीसी वॉल बांधणे,5,भवन,revenue
621,RE22C302/C4-179,55,वडगांव बु. किर्तीनगर ते हगवणे नगर नाल्याच्या कडेने सिमाभिंत बांधणे,5,भवन,revenue
622,RE20C302/C1-212,55,प्र.क्र.५५ मधील विुत विषयक कामे करणे.,5,विद्युत,revenue
623,RE14B302/C5-167,56,प्रभाग क्र.५६ जनता वसाहत येथील गल्ली नं.३१ ते ४० येथे शौचालय दुरूस्ती करणे,5,गवनि,revenue
624,RE14B302/C5-168,56,प्रभाग क्र.५६ जनता वसाहत येथील गल्ली नं.२१ ते ३० येथे शौचालय दुरूस्ती करणे,5,गवनि,revenue
625,RE14B302/C5-169,56,प्रभाग क्र.५६ जनता वसाहत येथील गल्ली नं.१० ते २० येथील जनता वसाहत पर्वती शौचालय दुरूस्ती करणे,5,गवनि,revenue
626,RE14B302/C5-170,56,प्रभाग क्र.५६ जनता वसाहत येथील गल्ली नं.४१ ते ५० मनपा जनता वसाहत येथील सार्वजनिक शौचालय दुरूस्ती करणे,5,गवनि,revenue
627,RE14B302/C5-171,56,प्रभाग क्र.५६ जनता वसाहत येथील गल्ली नं.१ ते ८ येथील सार्वजनिक शौचालय दुरूस्ती करणे,5,गवनि,revenue
628,XE12B302/C6-69,56,प्रभाग क्र.५६ जनता वसाहत येथील गल्ली नं.९० ते १०० अर्धा ते एक इंची पाण्याची लाईन जिर्ण झाल्यामुळे पाईप लाईन बदलणे,5,पाणीपुरवठा,revenue
629,XE12B302/C6-70,56,प्रभाग क्र.५६ जनता वसाहत येथील गल्ली नं.१०० ते १०८ अर्धा ते एक इंची पाण्याची लाईन जिर्ण झाल्यामुळे पाईप लाईन बदलणे,5,पाणीपुरवठा,revenue
630,XE23A302/C7-275,56,प्रभाग क्र.५६ जनता वसाहत येथील गल्ली नं.७१ ते ८० जनता वसाहत येथे नवीन ड्रेनेज लाईन व कॉक्रीटीकरण करणे,5,मलनिःसारण,revenue
631,XE23A302/C7-276,56,प्रभाग क्र.५६ जनता वसाहत येथील गल्ली नं.६१ ते ७० जनता वसाहत येथे नवीन ड्रेनेज लाईन व कॉक्रीट करणे,5,मलनिःसारण,revenue
632,RE20C302/C1-213,56,प्रभाग क्र.५६ जनता वसाहत येथील गल्ली नं.५० ते ६० येथे स्ट्रीट लाईट पोल टाकणे,5,विद्युत,revenue
633,RE14B302/C5-172,57,"प्रभाग क्र.५७ मधील पर्वतीदर्शन प्लॅट नं.३८,३९ येथील ठिकाणचे शौचालय दुरूस्त करणे",5,गवनि,revenue
634,RE20A302/C2-369,57,प्रभाग क्र.५७ पर्वती दर्शन गल्ली नं.१०२ येथे फरशी बदलणे,5,पथ,revenue
635,RE20A302/C2-370,57,प्रभाग क्र.५७ आंबेडकर वसाहत लक्ष्मीनगर रस्ता यु.टी.डब्लू.टी कॉक्रीट करणे,5,पथ,revenue
636,RE20A302/C2-371,57,"प्रभाग क्र.५७ पर्वती दर्शन परिसर ,मित्र मंउळ परीसर या ठिकाणचे रस्ते दुरूस्त करणे",5,पथ,revenue
637,RE20A302/C2-372,57,"प्रभाग क्र.५७ मधील पर्वती दर्शन परीसर,मित्रमंडळ,पर्वती गाव पदपथ दुरूस्त करणे",5,पथ,revenue
638,XE23A302/C7-277,57,प्रभाग क्र.५७ पर्वती गांव राऊत अपार्टमेंट जवळ  ड्रेनेज लाईन टाकणे,5,मलनिःसारण,revenue
639,XE23A302/C7-278,57,प्रभाग क्र.५७ पर्वती दर्शन गल्ली नं.१०६ येथे ड्रेनेज लाईन बदलणे,5,मलनिःसारण,revenue
640,XE23A302/C7-279,57,प्रभाग क्र.५७ लक्ष्मीनगर ५३/४१४ पर्वती येथे ड्रेनेज लाईन टाकणे,5,मलनिःसारण,revenue
641,XE23A302/C7-280,57,प्रभाग क्र.५७ पर्वती दर्शन परीसर मधील विविध ठिकाणचे ड्रेनेज दुरूस्त करणे.,5,मलनिःसारण,revenue
642,XE23A302/C7-281,57,"प्रभाग क्र.५७ मधील महालक्ष्मी अपार्टमेंट ते निलायम ब्रिज अंबिलओढा ,पेशवेपार्क येथील नाले सफाई करणे",5,मलनिःसारण,revenue
643,RE20A302/C2-344,58,प्रभाग क्र.58 मध्ये वीर हनुमान मित्र मंडळ ते पासलकर चौक सार्इडपट्‌टया करणे,5,पथ,revenue
644,RE20A302/C2-345,58,प्रभाग क्र.58 मध्ये साठे कॉलनी लगतच्या रस्त्यावर वाहतुक विषयक पट्‌टे मारणे,5,पथ,revenue
645,RE20A302/C2-346,58,प्रभाग क्र.58 मध्ये शुक्रवार पेठ  मध्ये अंतर्गत गल्या व मुख्य रस्त्यावर सार्इडपट्‌टया करणे.,5,पथ,revenue
646,RE20A302/C2-347,58,प्रभाग क्र.58 मध्ये शुक्रवार पेठ भागातील वाहतूक विषयक कामे करणे.,5,पथ,revenue
647,RE20A302/C2-348,58,प्रभाग क्र.58 मध्ये गुरूवार पेठ मधील अंतर्गत गल्यांमध्ये कॉंक्रीटीकरण करणे.,5,पथ,revenue
648,XE23A302/C7-267,58,प्रभाग क्र.58 मध्ये शुक्रवार पेठ भागातील विविध रस्त्यावरील पावसाळी जाळी व ड्रेनेज चेंबर्स समपातळीत घेणे,5,मलनिःसारण,revenue
649,XE23A302/C7-268,58,प्रभाग क्र.58 मध्ये सुभाषनगर गल्ली क्र.1 मध्ये पावसाळी लार्इन टाकणे.,5,मलनिःसारण,revenue
650,XE23A302/C7-269,58,प्रभाग क्र.58 मध्ये राष्ट्रभुषण चौक ते सिंहगड गॅरेज चौक ड्रेनेज लाईन टाकणे.,5,मलनिःसारण,revenue
651,RE20C302/C1-201,58,प्रभाग क्र.58 मध्ये गुरूवार पेठ व घोरपडे पेठ भागातील अंतर्गत गल्ल्यांमध्ये तसेच मुख्य रस्त्यावरील विदयुत विषयक कामे करणे.,5,विद्युत,revenue
652,RE20C302/C1-202,58,प्रभाग क्र.58 मध्ये शुक्रवार पेठ परिसरात विदयुत विषयक कामे करणे.,5,विद्युत,revenue
653,RE14B302/C5-147,59,६३३ गंज पेठ या ठिकाणी सार्वजनिक शौचालयाचे दुरूस्तीकरण करणे,5,गवनि,revenue
654,RE14B302/C5-148,59,प्र.क ५९ ब मध्ये विविध ठिकाणी मुतारी दुरूस्ती करणे,5,गवनि,revenue
655,RE20A302/C2-315,59,प्र.क्र ५९ ब मध्ये विविध ठिकाणी राडारोडा उचलणे,3,पथ,revenue
656,RE20A302/C2-316,59,प्र.क ५९ ब मध्ये विविध ठिकाणी डांबरीकरण करणे,5,पथ,revenue
657,XE12B302/C6-63,59,"प्र.क ५९ ब विविध ठिकाणी २,८, पाण्याची लाईन टाकणे",3,पाणीपुरवठा,revenue
658,RE22C302/C4-159,59,प्र.क्र ५९ ब मध्ये पालखी सोबत येणार्‍या वारकरींकरिता मांडव व्यवस्था करणे,5,भवन,revenue
659,XE23A302/C7-245,59,प्र.क्र ५९ ब पावसाळी लाईन साफसफाई करणे,3,मलनिःसारण,revenue
660,XE23A302/C7-246,59,प्र.क ५९ ब मध्ये विविध ठिकाणी ड्रेनेज लाईन टाकणे,5,मलनिःसारण,revenue
661,XE23A302/C7-247,59,प्र.क ५९ ब मध्ये खाचलेले चेंबर दुरूस्ती करणे,5,मलनिःसारण,revenue
662,XE23A302/C7-248,59,प्र.क ५९ दलाल चौक परीसरात ड्रेनेज लाईन मधला गाळ उपसणे,2,मलनिःसारण,revenue
663,RE20C302/C1-189,59,प्र.क ५९ ६३३ गंज पेठ यास परीसरात विदयुत पोल व पथदिवे बसविणे,2,विद्युत,revenue
664,RE20C302/C1-190,59,प्र.क ५९ ब मध्ये हायमास्ट दिवे बसविणे,4,विद्युत,revenue
665,RE20C302/C1-191,59,प्र.क ५९ मक्का मस्जिद रोड ते मिठगंज पोलिस चौकी या विदयुत विषयक कामे करणे,3,विद्युत,revenue
666,RE14B302/C5-149,60,"प्र.क 60 काशीवाडी मध्ये सुलभ शौचालय मधील संडास क्र ७,८,९,१० नादुरूस्त संडास भांडे व दरवाजे बदलणे",5,गवनि,revenue
667,RE14B302/C5-150,60,"५७६ काशीवाडी,सत्यवान मंडळ परिसर ते लक्ष्मीमाता मंदिर परिसरात ड्रेनेजलाईन टाकणे, कॉक्रीट करणे",5,गवनि,revenue
668,RE20A302/C2-317,60,प्र.क 60 माजी नगरसेवक संदिप लडकत यांच्या घरासमोरील रस्ता डांबरीकरण करणे,5,पथ,revenue
669,RE20A302/C2-318,60,प्र.क 60 रामोशी गेट पोलीस चौकी ते पेट्रोल पंप या ठिकाणी पदपाथ दुरूस्तीकरणे करणे,5,पथ,revenue
670,RE20A302/C2-319,60,प्र.क 60 काशीवाडी अशोक नक्षर परिसरातील रस्ते कॉक्रीट करणे,5,पथ,revenue
671,RE22C302/C4-160,60,प्र.क 60 काशीवाडी पोलीस चौकी समोरील समाज मंदीर दुरूस्ती विषयक कामे करणे,3,भवन,revenue
672,XE23A302/C7-249,60,प्र.क 60 शहिद अब्दल रहेमान अंजुमन मागील परिसरात १२ इंची ड्रेनेज लाईन टाकणे व गल्लीबोळ कॉक्रीट करणे,5,मलनिःसारण,revenue
673,XE23A302/C7-250,60,प्र.क 60 महादेव मंदिर मागील परिसरात ड्रेनेज लाईन टाकणे व फरशी बसविणे,4,मलनिःसारण,revenue
674,XE23A302/C7-251,60,प्र.क 60 जयहिंद मित्र मंडळाजवळ व दिपज्योत परिसर ड्रेनेज लाईन टाकणे व कॉक्रीट करणे व चेंबर दुरूस्त करणे,4,मलनिःसारण,revenue
675,XE23A302/C7-252,60,"प्र.क 60, 362 व्यापारी मंडळाशेजारच्या परिसरात ड्रेनेज लाईन टाकणे व कॉक्रीट करणे",5,मलनिःसारण,revenue
676,RE20C302/C1-192,60,प्र.क 60 हनुमान मंडळ लगतच्या गल्ल्यांमध्ये टयब लाईट फिटिंग बसविणे,4,विद्युत,revenue
677,RE14B302/C5-183,61,शिंदे छत्री शौचालय व दुरूस्ती करणे,2,गवनि,revenue
678,FE14A121/C5-57,61,महादजी शिंदे शाळा येथील शौचालय दुरूस्ती करणे,2,गवनि,capital
679,RE20A302/C2-429,61,"स.नं.५२/२ ,५३/३ , काळुबाई मंदिर ते दत मंदिर  रस्ता डांबरीकरण करणे",5,पथ,revenue
680,RE20A302/C2-430,61,एन आय बी एम परिसरात फुटपाथ दुरूस्ती करणे,5,पथ,revenue
681,RE20A302/C2-431,61,केदारीनगर गल्ली क्र.११ डांबरीकरण करणे,5,पथ,revenue
682,RE20A302/C2-432,61,स.नं.५७ आझादनगर येथे गल्ली काँक्रिट करणे,3,पथ,revenue
683,RE20A302/C2-433,61,एस आर पी एफ ग्रुप २ मध्ये पोलीस वसाहत येथे डांबरीकरण करणे,5,पथ,revenue
684,RE20A302/C2-434,61,शांतीनगर गल्ली क्र.२/५/१० काँक्रिटीकरण करणे,3,पथ,revenue
685,CE20A1196/C2-162,61,एन आय बी एम परिसरात थर्मोप्लास्टीक पेंट मारणे,4,पथ,capital
686,CE20A1196/C2-163,61,साळुंखे विहार परिसरात साईन बोर्ड बसविणे,4,पथ,capital
687,CE20A1196/C2-164,61,सह्याद्री पार्क परिसरात थर्मोप्लास्टीक पेंट व कॅटस आय बसविणे,5,पथ,capital
688,XE23A302/C7-306,61,बोराडेनगर बौद्ध विहार समोर ड्रेनेज लाईन टाकणे,5,मलनिःसारण,revenue
689,RE20C302/C1-231,61,बोराडेनगर बौद्ध विहार समोर एल ई डी लाईट पोल टाकणे,2,विद्युत,revenue
690,RE20A302/C2-435,62,कोंढवा बु. मधील गावठाण परिसरातील रस्ते काँक्रिटीकरण करणे,5,पथ,revenue
691,RE20A302/C2-436,62,कोंढवा बु. मधील साईनगर परिसरातील रस्ते काँक्रिटीकरण करणे,5,पथ,revenue
692,RE20A302/C2-437,62,कोंढवा बु. मधील गोकुळनगर परिसरातील रस्ते काँक्रिटीकरण करणे,5,पथ,revenue
693,RE20A302/C2-438,62,गोकुळनगर महागणेश कॉलनी मधील अंतर्गत रस्ते कॉक्रिटकरण करणे,3,पथ,revenue
694,RE20A302/C2-439,62,कोंढवा बु. मधील विविध ठिकाणचे चेंबर समपातळीत उचलणे,4,पथ,revenue
695,RE20A302/C2-440,62,कोंढवा बु. गावठाण मध्ये विविध गल्लीबोळ काँक्रिट करणे,3,पथ,revenue
696,CE20A1196/C2-165,62,कोंढवा बु. गावठाण परिसरामध्ये पेव्हींग ब्लॉक बसविणे,5,पथ,capital
697,XE23A302/C7-307,62,काकडे वस्ती लेन ६ मध्ये विविध ठिकाणी अंतर्गत ड्रेनेज लाईन टाकणे,3,मलनिःसारण,revenue
698,XE23A302/C7-308,62,अशरफनगरमधील अंतर्गत गल्लीबोळात ड्रेनेज लाईन टाकणे,3,मलनिःसारण,revenue
699,XE23A302/C7-309,62,कोंढवा बु. परिसरातील विविध ठिकाणची ड्रेनेज लाईन साफसफाई करणे,4,मलनिःसारण,revenue
700,RE20C302/C1-232,62,कोंढवा बु. मधील स्वामी विवेकानंद उानामध्ये प्रकाश व्यवस्था करणे,5,विद्युत,revenue
701,RE20C302/C1-233,62,लक्ष्मीनगर परिसरामधील एल ई डी दिवे बसविणे,1,विद्युत,revenue
702,RE20C302/C1-234,62,गोकुळनगर परिसरात एलईडी बसवुन प्रकाश व्यवस्था करणे,2,विद्युत,revenue
703,RE20C302/C1-235,62,टिळेकरनगर लेन.१ ते १० मधील पथदिव्याची जुन्या फिटींग बदलुन एलईडी बसविणे.,2,विद्युत,revenue
704,RE20A302/C2-441,63,शिवनेरीनगर गल्ली नं.३ गल्लीबोळ काँक्रिट करणे,4,पथ,revenue
705,RE20A302/C2-442,63,भाग्योदयनगर येथे रस्ते दुरूस्त करणे,5,पथ,revenue
706,RE20A302/C2-443,63,मिठानगर परिसरात विविध ठिकाणी काँक्रिटचे रस्ते करणे,2,पथ,revenue
707,RE20A302/C2-444,63,स.नं.३५४ राम मंदीर परिसरातील गल्ली बोळातील रस्ते काँक्रिटीकरण करणे,2,पथ,revenue
708,RE20A302/C2-445,63,शिवनेरीनगर गल्ली क्र.४ येथे रस्ते डांबरीकरण करणे,5,पथ,revenue
709,RE20A302/C2-446,63,मारूती आळी येथील रस्ते काँक्रिटीकरण करणे,2,पथ,revenue
710,RE20A302/C2-447,63,"भवानी चाळ, गल्ली नं.९ येथे अंतर्गत रस्ते काँक्रिटीकरण करणे",1,पथ,revenue
711,RE20A302/C2-448,63,"ग.नं.१२, शिवनेरीनगर येथे अंतर्गत रस्ते डांबरीकरण करणे",3,पथ,revenue
712,RE20A302/C2-449,63,भाग्योदयनगर येथे रस्ते डांबरीकरण करणे,3,पथ,revenue
713,RE22C302/C4-188,63,सुर्यकांत लोणकर व्यायाम शाळा येथे विविध विकासाची कामे करणे,2,भवन,revenue
714,XE23A302/C7-310,63,स.नं.४२ नुर मस्जिद समोर ड्रेनेज लाईन टाकणे,4,मलनिःसारण,revenue
715,XE23A302/C7-311,63,मिठानगर येथे ड्रेनेज लाईन साफसफाई करणे,4,मलनिःसारण,revenue
716,XE23A302/C7-312,63,राजपार्क भाग्योदयनगर येथे ड्रेनेज लाईन दुरूस्त करणे,3,मलनिःसारण,revenue
717,XE23A302/C7-313,63,"स.नं.३५४, राममंदीर येथे मोठ्या व्यासाची ड्रेनेज लाईन टाकणे",3,मलनिःसारण,revenue
718,RE20C302/C1-236,63,भागयोदयनगर प्रकाश व्यवस्था करणे,5,विद्युत,revenue
719,RE20C302/C1-237,63,चौका चौकात मोठे मिनी हायमास्ट दिवे लावणे,1,विद्युत,revenue
720,RE20C302/C1-238,63,मारूती आळी येथे स्ट्रीट लाईट बसविणे,1,विद्युत,revenue
721,FE14A121/C5-55,64,प्रभाग क्र. ६४ ब सॅलिसबरी पार्क मधील डायस प्लॉट  परिसरातील सुलभ शौचालय दुरूस्ती करणे,5,गवनि,capital
722,CE20A1196/C2-143,64,प्रभाग क्र. ६४ अ संदेश सोसा. परिसरातील फुटपाथ दुरुस्ती करणे व विद्यासागर कॉलनी परिसरात दुरुस्ती करणे,5,पथ,capital
723,CE20A1196/C2-144,64,प्रभाग क्र. ६४ अ एकोपा सोसायटी परिसरातील रस्ता डांबरीकरण करणे,5,पथ,capital
724,CE20A1196/C2-145,64,प्रभाग क्र.६४ ब सॅलिसबरी पार्क येथील मिरा आनंद परिसरात फुटपाथ दुरूस्ती करणे,5,पथ,capital
725,CE20A1196/C2-146,64,प्रभाग क्र.६४ ब प्रकाश कॉलनी परिसरात फुटपाथ विकसीत करणे,5,पथ,capital
726,CE22A547/C4-65,64,प्रभाग क्र. ६४ अ लुल्लानगर चौक परिसरातील चौक सुशोभीकरण करणे  ,5,भवन,capital
727,CE22A547/C4-66,64,प्रभाग क्र. ६४ अ लुल्लानगर चौक येथील तालाब बंगलो शेजारील फ्लॉवर बेड सुशोभित करणे,5,भवन,capital
728,CE22A547/C4-67,64,प्रभाग क्र.६४ ब ढोलेमळा शाळेत विविध सुधारणा करणे,5,भवन,capital
729,CE22A547/C4-68,64,प्रभाग क्र.६४ ब पुनावाला गार्डन मध्ये विविध सुधारणा कामे करणे,5,भवन,capital
730,CE20C406/C1-133,64,प्रभाग क्र. ६४ अ विविध ठिकाणी हायमास्ट दिवे बसविणे ,5,विद्युत,capital
731,RE14B302/C5-151,65,"प्र.क 65, ५४ एच/पी बाबु मामडी चौक येथे ड्रेनेज लाईन टाकणे",3,गवनि,revenue
732,RE14B302/C5-152,65,"प्र.क 65, ५४ एच/पी भारत मित्र मंडळाजवळ ड्रेनेज लाईन बदलणे",2,गवनि,revenue
733,RE14B302/C5-153,65,"प्र.क 65, ५४ एच/पी अमर मित्र मंडळाजवळील शौचालय दुरूस्त करणे",3,गवनि,revenue
734,RE14B302/C5-154,65,"प्र.क 65, भोरी कब्रस्तान शेजारी शौचालय दुरूस्ती करणे",2,गवनि,revenue
735,RE14B302/C5-155,65,"प्र.क 65, ५४ सी/पी व डी/पी परिसरात ड्रेनेज लाईन बदलणे",3,गवनि,revenue
736,RE14B302/C5-156,65,"प्र.क 65, ५४ ए/पी परिसरात गल्लीबोळात ड्रेनेज लाईन टाकणे",4,गवनि,revenue
737,RE14B302/C5-157,65,"प्र.क 65, ५४ सी/पी म्हसोबा मंदिर ते मेरे महेबुब येथील डे्रनेज मधला गाळ उपसणे",2,गवनि,revenue
738,RE14B302/C5-158,65,"प्र.क 65, ५४ जी/पी आण्णाभाऊ साठे समाज मंदिराचे दुरस्तीकरण व रंगरेंगोटी करणे",2,गवनि,revenue
739,RE14B302/C5-159,65,"प्र.क 65, ५४ जी/पी परीसरात गल्लीबोळात कॉक्रीटीकरण करणे",5,गवनि,revenue
740,RE14B302/C5-160,65,"प्र.क 65, ५४ एच/पी परीसरात विविध भागांत काँक्रीटीकरण करणे",4,गवनि,revenue
741,XE12B302/C6-64,65,"प्र.क 65, ५४ डी/पी म्हसोबा मंदिर परीसरात पाण्याची नविन लाईन टाकणे",3,पाणीपुरवठा,revenue
742,XE23A302/C7-253,65,"प्र.क 65, लोहियानगर कल्याणकर पुलाखाली नागझरी येथील कचरा, राडा-रोडा व आवश्यक झाडे काढणे, सिमेंटचा कोबा करणे व ड्रेनेज बदलणे",3,मलनिःसारण,revenue
743,XE23A302/C7-254,65,"प्र.क 65, ५४ सी/पी येथील ड्रेनेज लाईन मधला गाळ उपसणे",3,मलनिःसारण,revenue
744,XE23A302/C7-255,65,"प्र.क 65, ५४ ई/पी लोहियानगर या ठिकाणी ड्रेनेज लाईन दुरूस्तीकरणे करणे",4,मलनिःसारण,revenue
745,RE20C302/C1-193,65,"प्र.क 65, ५४ एच/पी लोहियानगर येथे विदयुत दिवे बसविणे",2,विद्युत,revenue
746,RE20C302/C1-194,65,"प्र.क 65, ५४ डी/पी परिसरात विदयुत विषयक कामे करणे",2,विद्युत,revenue
747,RE20C302/C1-195,65,"प्र.क 65, घोरपडे पेठ या ठिकाणी रोडच्या दोन्ही बाजूला एल.ई.डी विदयुत पोल व लाईट फीटींग्ज लावणे",3,विद्युत,revenue
748,RE20A302/C2-373,66,प्रभाग क्र.६६ महर्षिनगर व मुंकुंदनगर परिसरातील पावसाळी लाईन साफसफाई करणे,3,पथ,revenue
749,RE20A302/C2-374,66,प्रभाग क्र.६६ आदर्शनगर मध्ये तारांगण बंगल्याजवळ पावसाळी लाइन टाकणे व पावसाळी लाईन विषयक कामे  करणे.,2,पथ,revenue
750,RE20A302/C2-375,66,प्रभाग क्र.६६ आदर्शनगर सोसायटी तारांगण बंगल्याजवळ पेव्हिंग ब्लॉक चे काम करणे,3,पथ,revenue
751,RE20A302/C2-376,66,"प्रभाग क्र.६६ मधील इंदीरानगर,मुकुंदनगर व महर्षिनगर ठिकाणचा राडारोडा उचलणे",5,पथ,revenue
752,RE20A302/C2-377,66,प्रभाग क्र.६६ चाळ क्र.७ ते १२ व १३ ते १८ महर्षिनगर परिसरात पावसाळी गटारे करणे,4,पथ,revenue
753,RE20A302/C2-378,66,प्रभाग क्र.६६ मुकुंदनगर स्वस्थ सदन ते मुकुंदनगर गणपती मंदिरापर्यंत टाईप १ च्या बाजूने पावसाळी गटार करणे,5,पथ,revenue
754,RE22C302/C4-180,66,"प्रभाग क्र.६६ नेहरू रस्ता वर भिंतीवर पाणी वाचवा पाणी जिरवा ,स्वच्छ पुणे अशी घोषवाक्य लिहिणे",2,भवन,revenue
755,RE14B302/C5-173,67,"प्रभाग क्र.६७ शिवदर्शन चाळ नं.११७,१२१,१२४ सार्वजनिक शौचालयासाठी आवश्यक कामे करणे",2.5,गवनि,revenue
756,RE14B302/C5-174,67,प्रभाग क्र.६७अण्णाभाऊ साठे वसाहत जय मल्हार वसाहत येथे सार्वजनिक शौचालय विषयक कामे करणे,4,गवनि,revenue
757,RE20A302/C2-379,67,प्रभाग क्र.६७ पद्‌मावती अरणेश्वर रस्त्यावरील प्लॉट नं.३०२ गणेश सोसायटी समोर पावसाळी लाइन टाकणे,4,पथ,revenue
758,RE20A302/C2-380,67,प्रभाग क्र.६७ विरंगुळा केंद्राच्या बाहेरील रस्ता दुरस्त करणे (संतनगर पूल),2.5,पथ,revenue
759,RE20A302/C2-381,67,"प्रभाग क्र.६७ अध्यापक कॉलनी सहकारनगर नं.१ पुणे (महाजनी,इंगळे) घरासमोरील रस्ता डांबरीकरण करणे",3,पथ,revenue
760,RE20A302/C2-382,67,प्र.क्र.६७ पद्‌मावती येथील निर्मल पार्क समोरील शेवाळे सर्व्हिस स्टेंशनच्या पुढील भागापासून ते वरपर्यंत फुटपाथ करणे,4,पथ,revenue
761,RE20A302/C2-383,67,"प्रभाग क्र.६७ राडारोडा उचलणे (अण्णाभाउ साठे नगर ,विणकर सभागृह)",4,पथ,revenue
762,RE20A302/C2-384,67,प्रभाग क्र.६७ संजयनगर सी ३१२ सहकारनगर येथे चेंबर विषयक कामे  करणे,2.5,पथ,revenue
763,RE20A302/C2-385,67,प्रभाग क्र.६७ संजयनगर सी ३१२ सहकारनगर येथे पदपथ बसविणे,2.5,पथ,revenue
764,RE20A302/C2-386,67,प्रभाग क्र.६७ शिवदर्शन चाळ नं११६/११७ येथे फरशी बसविणे,2.5,पथ,revenue
765,RE22C302/C4-181,67,प्रभाग क्र.६७  मध्ये समाजमंदिराची विकास कामे करणे,3,भवन,revenue
766,XE23A302/C7-282,67,प्रभाग क्र.६७ जय मल्हार वसाहत येथे ड्रेनेज लाईन टाकणे.,2.5,मलनिःसारण,revenue
767,XE23A302/C7-283,67,प्रभाग क्र.६७ संतनगर जय मल्हार वसाहत सर्व चेंबर विषयक करणे,2.5,मलनिःसारण,revenue
768,XE23A302/C7-284,67,प्रभाग क्र.६७ भोईराज सोसायटी ज्योती सोसायटी ते मंदार सोसायटी  येथील नाला साफसफाई करणे,4,मलनिःसारण,revenue
769,XE23A302/C7-285,67,प्रभाग क्र.६७ नाला  साफसफाई करणे (बागुल उान ते गजानन महाराज चौक ),2.5,मलनिःसारण,revenue
770,XE23A302/C7-286,67,प्रभाग क्र.६७ किरण सोसायटी सहकारनगर नं.१ पुणे ९ आणि ज्योती सोसायटी सहकारनगर नं.१ (खांडेकर शाळेजवळ) यांच्या मधून जाणा-या ओढयामध्ये सांडपाण्याची पॅक लाईन टाकणे,4,मलनिःसारण,revenue
771,RE20A302/C2-387,68,प्रभाग क्र.६८ महात्मा फुले वसाहत ड्रेनेज लाईन टाकणे व कॉक्रीट करणे,4,पथ,revenue
772,RE20A302/C2-388,68,प्रभाग क्र.६८ शाहु वसाहत येथे ड्रेनेज लाईन टाकणे व कॉक्रीट करणे,4,पथ,revenue
773,RE20A302/C2-389,68,"प्रभाग क्र.६८ विविध ठिकाणी पावसाळी जाळया,पावसाळी लाईन साफसफाई करणे. (शाहू वसाहत ,तळजाई सहकारनगर नं.२)",3.5,पथ,revenue
774,RE20A302/C2-390,68,"प्र.क्र.६८ तळजाई वसाहत खंडाळे चौक परिसरात ड्रेनेज लाईन चेंबर दुरूस्ती,साफसफाई व गल्लीबोळ कॉक्रीटींग करणे",4,पथ,revenue
775,RE20A302/C2-391,68,प्र.क्र.६८ आंबेडकर वसाहत येथे गल्ली बोळ कॉक्रीटींग व फरशी बसविणे,4.5,पथ,revenue
776,RE20A302/C2-392,68,प्र.क्र.६८ तळजाई वसाहत म्हसोबा मंदिर परिसरात गल्ली बोळ कॉक्रीटींग करणे,4.5,पथ,revenue
777,XE23A302/C7-287,68,प्र.क्र.६८ विविध ठिकाणी ड्रेनेज लाईन /चेंबर साफसफाई करणे,4,मलनिःसारण,revenue
778,XE23A302/C7-288,68,प्र.क्र.६८ लक्ष्मीनगर वसाहत परिसरात ड्रेनेज लाईन विषयक कामे करणे,4.5,मलनिःसारण,revenue
779,XE23A302/C7-289,68,प्र.क्र.६८ तळजाई वसाहत येथे विविध ठिकाणी पावसाळी व मॅनहोल चेंबर  व कव्हर बदलणे,4,मलनिःसारण,revenue
780,XE23A302/C7-290,68,प्र.क्र.६८ शाहु वसाहत ड्रेनेज लाईन व कॉक्रीटींग करणे,4,मलनिःसारण,revenue
781,XE23A302/C7-291,68,प्र.क्र.६८ तळजाई वसाहत वनशिव वस्ती रोड लगतच्या परिसरात ड्रेनेज विषयक कामे करणे,4.5,मलनिःसारण,revenue
782,XE23A302/C7-292,68,प्र.क्र६८ तेलगल्ली परिसरात ड्रेनेज लाईन दुरूस्ती करणे,4.5,मलनिःसारण,revenue
783,RE14B302/C5-179,69,"प्रभाग क्र ६९ ब, मधील तळजाई पठार भागातील झाडाच्या फांदया, कचरा, राडारोडा ट्रक्टरने उचलणे",3,गवनि,revenue
784,RE14B302/C5-180,69,"प्रभाग क्र ६९ ब, मधील गिरीजाशंकर, मुक्तानंद पद्‌मछाया, निर्मल पार्क भागातील झाडाच्या फांदया, कचरा, राडारोडा ट्रक्टरने उचलणे",3,गवनि,revenue
785,RE20A302/C2-397,69,"प्रभाग क्र ६९ अ, मधील वनराई कॉलनी परिसरातील रस्ता क्रॉक्रिट करणे",5,पथ,revenue
786,RE20A302/C2-398,69,"प्रभाग क्र ६९ अ, मधील तळजाई ग्रीन सोसायटी परिसरातील रस्ते क्रॉक्रिट करणे",5,पथ,revenue
787,RE20A302/C2-399,69,"प्रभाग क्र ६९ अ, मधील केशव कॉम्पलेक्स परिसरातील रस्ता करणे",4,पथ,revenue
788,RE20A302/C2-400,69,"प्रभाग क्र ६९ अ, मधील भोकसनेनगर परिसरातील रस्ते तयार करणे",4,पथ,revenue
789,RE20A302/C2-401,69,"प्रभाग क्र ६९ अ, मधील मॉर्डन सोसायटी परिसरातील रस्ते तयार करणे",4,पथ,revenue
790,CE22A547/C4-78,69,"प्रभाग क्र ६९ ब, मधील तळजाई पठार भागामध्ये आरोग्य कोठी बांधणे",3,भवन,capital
791,CE22A547/C4-79,69,"प्रभाग क्र ६९ ब, मधील तळजाई पठार भागामध्ये  अंगणवाडी बांधणे",4,भवन,capital
792,CE22A547/C4-80,69,"प्रभाग क्र ६९ ब, मधील विणकर सोसायटी समोर पीएमटी बसस्टॉप तयार करणे",3,भवन,capital
793,CE22A547/C4-81,69,"प्रभाग क्र ६९ ब, मधील गिरीजाशंकर, झांबरे येथे गार्डन तयार करणे",3,भवन,capital
794,CE22A547/C4-82,69,"प्रभाग क्र ६९ ब, मधील तळजाई पठार येथे पीएमटी बसस्टॉप शेजारी पास केंद्र तयार करणे",3,भवन,capital
795,CE22A547/C4-83,69,"प्रभाग क्र ६९ ब, मधील मुक्तांनद सोसायटी मध्ये महिला बचत गट हॉल बांधणे",3,भवन,capital
796,RE20C302/C1-219,69,"प्रभाग क्र ६९ अ, मधील धनकवडी गावठाण परिसरात विुत व्यवस्था करणे",3,विद्युत,revenue
797,CE20A1196/C2-147,70,प्रभाग क्र. ७० अ संत एकनाथ नगर मध्ये फुटपाथ दुरूस्ती करणे,5,पथ,capital
798,CE20A1196/C2-148,70,प्रभाग क्र. ७० अ शंकर महाराज वसाहत बिबवेवाडी येथे डांबरीकरण करणे,3,पथ,capital
799,CE20A1196/C2-149,70,प्रभाग क्र. ७० अ बिबवेवाडी गावठाण येथे काँक्रीटीकरण करणे,2,पथ,capital
800,CE20A1196/C2-150,70,"प्रभाग क्र. ७० अ स्वामी विवेकानंद नाला, पद्‌मावती पुलावर कठड्‌याला फेन्सिंग करणे",5,पथ,capital
801,CE20A1196/C2-151,70,प्रभाग क्र. ७० ब मधील स्वामी विवेकानंद मुख्य रस्त्यावरील अडथळा विरहीत फटपाथ व ट्रॅफिक संबंधी कामे करणे,5,पथ,capital
802,CE20A1196/C2-152,70,प्रभाग क्र. ७० ब मधील महावीर इलेक्ट्रॉनिक्स मागील सोसा. समोरील फुटपाथ दुरूस्ती करणे,5,पथ,capital
803,CE22A547/C4-69,70,प्रभाग क्र. ७० ब मध्ये बिबवेवाडी गावातील आरोग्य कोठी शेजारील विरंगुळा केंद्रातील विकास कामे करणे,5,भवन,capital
804,CE22A547/C4-70,70,प्रभाग क्र. ७० ब मध्ये पापळवस्ती येथे जुन्या फरश्या काढुन नवीन टाकणे,5,भवन,capital
805,ZE16B130/C7-72,70,प्रभाग क्र.७० अ शिवशंकर सोसा. मध्ये ड्रेनेज विषयक दुरूस्ती कामे करणे,5,मलनिःसारण,capital
806,ZE16B130/C7-73,70,प्रभाग क्र. ७० ब मधील शिवशंकर सोसा. मधील चेंबर उचलुन घेवून काँक्रीट करून मिळावे,5,मलनिःसारण,capital
807,CE20C406/C1-134,70,प्रभाग क्र.७० अ बिबवेवाडी परिसरात पथ दिव्यांचे कामे करणे,5,विद्युत,capital
808,CE20A1196/C2-153,71,प्रभाग क्र. ७१ अ हमालनगर मधील रस्ते पुर्ण डांबरीकरण करणे,5,पथ,capital
809,CE20A1196/C2-154,71,प्रभाग क्र. ७१ अ कोठारी ब्लॉक लेन २ रस्ता दुरूस्त करणे,5,पथ,capital
810,ZE16A117/C6-22,71,प्रभाग क्र. ७१ ब आंबेडकरनगर मधील विविध ठिकाणी पाण्याची लाईन दुरूस्ती करणे,5,पाणीपुरवठा,capital
811,CE22A547/C4-71,71,प्रभाग क्र. ७१ ब आंबेडकर गल्ली क्र. १ समाज मंदिराची दुरूस्ती करणे,5,भवन,capital
812,CE22A547/C4-72,71,प्रभाग क्र. ७१ ब ओट्‌यावरील समाज मंदिराच्या हॉलची दुरूस्ती करणे,5,भवन,capital
813,CE22A547/C4-73,71,प्रभाग क्र. ७१ ब बिबवेवाडी ओट्‌यावरील उद्‌यानातील सिमाभिंतीची दुरूस्ती करणे व नविन लोखंडी गेट बसविणे,5,भवन,capital
814,ZE16B130/C7-74,71,प्रभाग क्र. ७१ अ आनंदनगर येथे ड्रेनेज दुरूस्ती करणे,5,मलनिःसारण,capital
815,ZE16B130/C7-75,71,प्रभाग क्र. ७१ अ ओट्‌यावरील ठिकठिकाणी ड्रेनेजची दुरूस्ती करणे,5,मलनिःसारण,capital
816,ZE16B130/C7-76,71,प्रभाग क्र. ७१ ब आंबेडकरनगर येथील ड्रेनेज लाईन दुरूस्तीची कामे करणे,5,मलनिःसारण,capital
817,ZE16B130/C7-77,71,प्रभाग क्र. ७१ अ प्रेमनगर येथील ड्रेनेज लाईन दुरूस्तीची कामे करणे,5,मलनिःसारण,capital
818,FE14A121/C5-56,72,प्रभाग क्र. ७२ ब सार्वजनीक शौचालय दुरूस्ती व सुधारणा करणे,5,गवनि,capital
819,CE20A1196/C2-155,72,प्रभाग क्र. ७२ अ २७६ ओटा येथे साईनाथ प्रतिष्ठान अर्धवट राहिलेला बस स्टॉपचे काम पुर्ण करणे,5,पथ,capital
820,CE20A1196/C2-156,72,प्रभाग क्र. ७२ अ व्हि आय टी कॉलेज लगत रेलिंग करणे,5,पथ,capital
821,CE20A1196/C2-157,72,प्रभाग क्र. ७२ ब मध्ये विविध ठिकाणी पदपथ दुरूस्ती करणे,5,पथ,capital
822,CE22A547/C4-74,72,प्रभाग क्र. ७२ अ पद्‌मावती भवन सुप्पर येथे सभा मंडप व विविध विकास कामे करणे,5,भवन,capital
823,CE22A547/C4-75,72,प्रभाग क्र. ७२ अ क्रिडा संकुलालगत असलेल्या मोकळया जागेतील सुरक्षा जाळी बसविणे व वॉल बांधणे,5,भवन,capital
824,CE22A547/C4-76,72,प्रभाग क्र. ७२ अ पी एम टी कॉलनी येथे तुळजाभवानी मंदिरालगत सभामंडप उभारणे,5,भवन,capital
825,CE22A547/C4-77,72,प्रभाग क्र. ७२ ब समाज मंदिर परिसरात तद्‌नुषंगीक कामे करणे,5,भवन,capital
826,ZE16B130/C7-78,72,प्रभाग क्र. ७२ ब सुप्पर इंदिरा नगर येथे ड्रेनेज विषयक दुरूस्ती कामे करणे,5,मलनिःसारण,capital
827,ZE16B130/C7-79,72,प्रभाग क्र. ७२ ब अप्पर इंदिरानगर भागातील ड्रेनेज लाईन साफसफाई करणे,5,मलनिःसारण,capital
828,RE20A302/C2-402,73,"प्रभाग क्र ७३ अ, मधील हरी विठठल अपार्ट, वक्रतुंड अपार्ट, गजवक्र अपार्ट, मागील बोळामध्ये क्रॉक्रिटीकरण करणे",4,पथ,revenue
829,RE20A302/C2-403,73,"प्रभाग क्र ७३ अ, मधील वंक्रतुड अपार्ट, काशिनाथ पाटिलनगर येथील गल्ल्यामध्ये क्राक्रिटीकरण करून शहाबाद फरशी बसविणे",5,पथ,revenue
830,RE20A302/C2-404,73,"प्रभाग क्र ७३ अ, मधील पुण्याईनगर मस्जिद समोरील परिसरातील गल्लीमध्ये क्राक्रिटीकरण करणे फरशी बसविणे",4,पथ,revenue
831,CE20A1196/C2-158,73,"प्रभाग क्र ७३ ब, मधील स.नं.२३/१, प्रेमानंद सोसायटी, बालाजीनगर येथे सिलकोट करणे, बे्रकर्स, नामफलक बसविणे",3,पथ,capital
832,RE22C302/C4-184,73,"प्रभाग क्र ७३ ब, मधील प्रेमानंद सोसायटी बालाजीनगर येथील श्री बिराडे निवास पासून श्री मोरे श्री पाटील श्री ढेकाणे यांच्या घरापासून मुख्य ड्रेनेज लाईनला जोडणे",3,भवन,revenue
833,RE22C302/C4-185,73,"प्रभाग क्र ७३ ब, मधील बालाजीनगर परिसरात विविध ठिकाणी रोड ब्रेकर तसेच पांढरे पटटे मारणे",3,भवन,revenue
834,CE22A547/C4-84,73,"प्रभाग क्र ७३ ब, मधील बालाजीनगर कपिला हॉटेलपासून ते गुरदत्त सोसायटी तसेच प्रेमानंद सोसायटी, वृदावन, नयनतारा सोसायटी इत्यादी नामफलक बोर्ड लावणे",3,भवन,capital
835,XE23A302/C7-295,73,"प्रभाग क्र ७३ अ, मधील ताई कॉम्पलेक्स, गंगा गोदावरी, अपार्टमेन्टच्या मागील बोळामध्ये ड्रेनेज लाईन टाकणे",4,मलनिःसारण,revenue
836,XE23A302/C7-296,73,"प्रभाग क्र ७३ अ, मधील प्रितम अपार्ट व इतर गल्लीमध्ये ड्रेनेज लाईन टाकणे",2,मलनिःसारण,revenue
837,XE23A302/C7-297,73,"प्रभाग क्र ७३ ब, मधील किर्लोस्कर ऑईल इंजिन एम्प्लॉयिज हौसिग सोसायटी, श्रीधरनगर, धनकवडी, येथे सांडपाणी लाईन टाकणे",3,मलनिःसारण,revenue
838,XE23A302/C7-298,73,"प्रभाग क्र ७३ ब, मधील स.नं.२३/३, बालाजीनगर महादेव पवार यांच्या घरापासून श्री काळभारे यांच्या घरापर्यत ड्रेनेज लाईन व चेबर बनविणे",3,मलनिःसारण,revenue
839,XE23A302/C7-299,73,"प्रभाग क्र ७३ अ, मधील हरी विठठल अपार्ट, वक्रतुंड अपार्ट, गजवक्र अपार्ट, मागील बोळामध्ये ड्रेनेज लाईन टाकणे",3,मलनिःसारण,revenue
840,XE23A302/C7-300,73,"प्रभाग क्र ७३ ब, मधील  स.नं.२५, गुरूदत्त सोसायटी, येथील श्री दानवले यांचे घरापासून श्रीमती पोटे यांचे घरापर्यत ड्रेनेज लाईन टाकून फरशी बसविणे",3,मलनिःसारण,revenue
841,RE20C302/C1-220,73,"प्रभाग क्र ७३ ब, मधील  बालाजीनगर येथील मनपाच्या पाण्याची टाकी ते अष्ट विनायक गणेश मंदिर, स.नं.२३/७, मुख्य रस्ता श्रीहरी सोसायटी, येथे सीसीटीव्ही कॅमेरा बसविणे व उभारणे",2,विद्युत,revenue
842,RE20C302/C1-221,73,"प्रभाग क्र ७३ अ, मधील हरी विठठल अपार्ट, वक्रतुंड अपार्ट, गजवक्र अपार्ट, येथील रस्त्यावर एलईडी पथदिवे बसविणे",3,विद्युत,revenue
843,CE20C406/C1-135,73,"प्रभाग क्र ७३ ब, मधील स.नं.२३/१, प्रेमानंद सोसायटी, बालाजीनगर येथे विुत खांब बसविणे",2,विद्युत,capital
844,RE20A302/C2-405,74,"प्रभाग क्र ७४ अ, मधील नवरंग सोसायटी मधील गल्लीमध्ये क्रॉक्रिटीकरण करणे",5,पथ,revenue
845,RE20A302/C2-406,74,"प्रभाग क्र ७४ अ, मधील स.नं.३४  मध्ये रस्त्याच्या कडेला साईडपटटी क्रॉक्रिट करणे",5,पथ,revenue
846,RE20A302/C2-407,74,"प्रभाग क्र ७४ अ, मधील डॉ. पतंगराव कदमनक्षर येथील गल्लीबोळामध्ये क्रॉक्रिट व शहाबादी फरशी बसविणे",5,पथ,revenue
847,RE20A302/C2-408,74,"प्रभाग क्र ७४ ब, मध्ये मुख्य व अंतर्गत रस्त्यावर वाहतुक विषयक कामे करणे व तद्‌नुषंगिक कामे करणे",3,पथ,revenue
848,CE20A1196/C2-159,74,"प्रभाग क्र ७४ ब, मधील विविध ठिकाणी लोखडी फेन्सींग करणे व तद्‌नुषंगिक कामे करणे",5,पथ,capital
849,CE22A547/C4-85,74,"प्रभाग क्र ७४ अ, मधील झाडांना कटटे बांधणे व माती पुरविणे",5,भवन,capital
850,XE23A302/C7-301,74,"प्रभाग क्र ७४ ब, मधील विविध ठिकाणी ड्रेनेज लाईन टाकणे  व तद्‌नुषंगिक कामे करणे",4,मलनिःसारण,revenue
851,RE20C302/C1-222,74,"प्रभाग क्र ७४ अ, मधील डॉ. पी.के.नगर व स.नं.३४ मध्ये पथ दिप उभारणे व प्रकाश व्यवस्था करणे",5,विद्युत,revenue
852,RE20C302/C1-223,74,"प्रभाग क्र ७४ ब, मध्ये स.नं.२८,२९,३१,३२,३३, व ३४ मध्ये विविध ठिकाणी विुत विषयक कामे करणे व तद्‌नुषंगिक कामे करणे",5,विद्युत,revenue
853,CE20C406/C1-136,74,"प्रभाग क्र ७४ ब, मधील विविध ठिकाणी सी.सी.टी.व्ही कॅमेरे बसविणे व तद्‌नुषंगिक कामे करणे",3,विद्युत,capital
854,CE20C406/C1-137,74,"प्रभाग क्र ७४ ब, मधील स्व. विलासराव तांबे, आरोग्य दवाखाना येथे कॉम्प्युटर घेणे व तद्‌नुषंगिक कामे करणे",5,विद्युत,capital
855,RE20A302/C2-409,75,"प्रभाग क्र ७५ अ, मधील स.नं.६७, श्री गणेश भंडारी यांच्या घराशेजारील रस्ता क्रॉक्रिट करणे",4,पथ,revenue
856,RE20A302/C2-410,75,"प्रभाग क्र ७५ अ, मधील स.नं.४१, दत्तनगर येथील श्री नाना जगताप यांच्या घरासमोरील रस्ता क्रॉक्रिट करणे",4,पथ,revenue
857,RE20A302/C2-411,75,"प्रभाग क्र ७५ अ, मधील स.नं.४५, दत्तनगर टेल्को कॉलनी येथील श्री अनंता चव्हाण यांच्या घरासमोरील रस्ता क्रॉक्रिट करणे",4,पथ,revenue
858,RE20A302/C2-412,75,"प्रभाग क्र ७५ अ, मधील स.नं.६७, मंदिशीजवळ संतोषनगर मधील सौ. बिल्कीस सय्यद यांच्या घरासमोरील रस्ता क्रॉक्रिट करणे",4,पथ,revenue
859,RE20A302/C2-413,75,"प्रभाग क्र ७५ अ, मधील स.नं.७०, सहयाद्रीनगर अपार्टमेन्ट येथील रस्ता क्रॉक्रिट करणे",4,पथ,revenue
860,RE20A302/C2-414,75,"प्रभाग क्र ७५ ब, मधील वंडरसिटी कात्रज परिसरात फुटपाथ व साईडपटटया तयार करणे",4,पथ,revenue
861,CE22A547/C4-86,75,"प्रभाग क्र ७५अ, मध्ये गणेश विसर्जन हौद बांधणे",5,भवन,capital
862,CE22A547/C4-87,75,"प्रभाग क्र ७५ब, मध्ये गणेश विसर्जन हौद बांधणे",5,भवन,capital
863,RE20C302/C1-224,75,"प्रभाग क्र ७५ ब, मधील कदम प्लाझा, ऋषिकेश, नॅन्सीलेक सोसायटी परिसरात एलईडी दिवे बसविणे",4,विद्युत,revenue
864,RE20C302/C1-225,75,"प्रभाग क्र ७५ ब, मधील सावंत विहार ते माणिक मोती परिसरात एलईडी दिवे बसविणे",4,विद्युत,revenue
865,RE20C302/C1-226,75,"प्रभाग क्र ७५ ब, मधील प्रकाश किरण ते नारायणीधाम परिसरात एलईडी दिवे बसविणे",4,विद्युत,revenue
866,RE20C302/C1-227,75,"प्रभाग क्र ७५ ब, मधील विघ्नहर्ता कॉलनी परिसरात विुत दिवे बसविणे",4,विद्युत,revenue
867,RE20A302/C2-415,76,"प्रभाग क्र ७६ अ, मधील सुखसागरनगर गल्ली क्र ८ येथे क्रॉकिटीकरण करणे",5,पथ,revenue
868,RE20A302/C2-416,76,"प्रभाग क्र ७६ अ, मधील सुखसागरनगर भाग-१, येथे क्रॉकिटीकरण करणे",5,पथ,revenue
869,RE20A302/C2-417,76,"प्रभाग क्र ७६ अ, मधील आंबामाता मंदिर ते डाके चौकापर्यतच्या गल्ली डांबरीकरण करणे",5,पथ,revenue
870,RE20A302/C2-418,76,"प्रभाग क्र ७६ ब, मधील भारतीनगर परिसरातील गल्ली बोळात रस्ते क्रॉक्रिट करणे",5,पथ,revenue
871,RE20A302/C2-419,76,"प्रभाग क्र ७६ ब, मधील कात्रज नविन वसाहत येथील मुख्य रस्ता डांबरीकरण करणे",5,पथ,revenue
872,RE20A302/C2-420,76,"प्रभाग क्र ७६ ब, मधील गुजरवाडी फाटा, जाधवनगर  येथील मुख्य रस्ता क्रॉक्रिट करणे",3,पथ,revenue
873,XE12B302/C6-71,76,"प्रभाग क्र ७६ अ, सुखसागरनगर भाग-१, येथे पाण्याची जुनी झालेली लाईन बदलून नविन लाईन मोठया व्यासाची टाकणे",5,पाणीपुरवठा,revenue
874,RE22C302/C4-186,76,"प्रभाग क्र ७६ ब, मधील कात्रज पीएमपीएमएल  येथील सुलभ शौचालय दुरूस्त करणे",2,भवन,revenue
875,CE22A547/C4-88,76,"प्रभाग क्र ७६ ब, मधील कात्रज गावठाण पीएमपीएमएल  शेजारील जागेत नविन बसस्टॉप बांधणे",3,भवन,capital
876,XE23A302/C7-302,76,"प्रभाग क्र ७६ ब, मधील भारतीनगर परिसरातील गल्ली बोळात ड्रेनेज लाईन टाकणे",5,मलनिःसारण,revenue
877,RE20C302/C1-228,76,"प्रभाग क्र ७६ अ, मधील सुखसागरनगर येथे ओव्हरहेड विुत लाईन भुमिगत करणे व पथदिप खांब उभे करणे",5,विद्युत,revenue
878,CE20C406/C1-138,76,"प्रभाग क्र ७६ ब, मधील कात्रज पीएमपीएमएल  येथील सुलभ शौचालय येथे प्रकाश व्यवस्था करणे",2,विद्युत,capital
879,RE20A302/C2-450,Y W,धांडेकर वस्ती येथील गल्ली बोळामध्ये क्रॉक्रिट रस्ते करणे.,3,पथ,revenue
880,RE20A302/C2-451,Y W,मिनु मेहता हौसिंग सोसायटी येथील सोसायटी अंतर्गत रस्ता काँक्रिट करणेत यावा,3,पथ,revenue
881,RE20A302/C2-452,Y W,पानसरे वस्ती येथील गल्ली क्र.१ व २ मधील अंतर्गत रस्ते काँक्रिट करणे,3,पथ,revenue
882,RE22C302/C4-189,Y W,गावातील सार्वजनिक तालमीत किरकोळ दुरूस्ती व व्यायामाचे सामान उपलब्ध करून ावे,2,भवन,revenue
883,RE22C302/C4-190,Y W,गावातील मंदिरांना रंगकाम व विुत व्यवस्था करणेत यावी,2,भवन,revenue
884,RE22C302/C4-191,Y W,ग्रामपंचायत ऑफिस (कोठी मनपा) येथील परिसर सुशोभिकरण करणे,3,भवन,revenue
885,XE23A302/C7-314,Y W,येवलेवाडी येथे विविध ठिकाणी ड्रेनेज लाईन टाकणेत याव्यात,3,मलनिःसारण,revenue
886,XE23A302/C7-315,Y W,खंडोबा नगर मध्ये विविध गल्ल्यांमध्ये ड्रेनेज लाईन टाकणे,3,मलनिःसारण,revenue
887,XE23A302/C7-316,Y W,पाटील वस्ती येथे ड्रेनेज लाईन टाकणे (भापकर गल्ली ते रटिर मंजिल पर्यंत),3,मलनिःसारण,revenue
888,RE20C302/C1-239,Y W,पोहा कंपनी कडे जाणा०या रस्त्यावरती प्रकाश दिवे बसवुन प्रकाश व्यवस्था करणे,2,विद्युत,revenue
889,RE20C302/C1-240,Y W,येवलेवाडी गावातील तालमी समोरील उमाजी नाईक पुतळ्या समोर हायमास्क दिवा बसवावा,1,विद्युत,revenue
890,RE20C302/C1-241,Y W,पानसरे वस्ती येथील गल्ल्यामध्ये पथदिवे बसवुन प्रकाश व्यवस्था करणे,2,विद्युत,revenue
